raw_name,canonical_name,team_id,association_code
1. FC Union Berlin,1. FC Union Berlin,ucl-1-fc-union-berlin,GER
1899 Hoffenheim,1899 Hoffenheim,ucl-1899-hoffenheim,GER
AC Milan,AC Milan,ucl-ac-milan,ITA
AC Sparta Praha,AC Sparta Praha,ucl-ac-sparta-praha,CZE
AEK Athen,AEK Athen,ucl-aek-athen,GRE
AFC Ajax,AFC Ajax,ucl-afc-ajax,NED
APOEL Nikosia,APOEL Nikosia,ucl-apoel-nikosia,CYP
AS Monaco,AS Monaco,ucl-as-monaco,MCO
AS Monaco FC,AS Monaco,ucl-as-monaco,MCO
AS Roma,AS Roma,ucl-as-roma,ITA
Arsenal FC,Arsenal FC,ucl-arsenal-fc,ENG
Aston Villa FC,Aston Villa FC,ucl-aston-villa-fc,ENG
Atalanta,Atalanta,ucl-atalanta,ITA
Atalanta BC,Atalanta,ucl-atalanta,ITA
Athletic Club,Athletic Club,ucl-athletic-club,ESP
Atlético Madrid,Atlético Madrid,ucl-atletico-madrid,ESP
Club Atlético de Madrid,Atlético Madrid,ucl-atletico-madrid,ESP
Austria Wien,Austria Wien,ucl-austria-wien,AUT
BATE Borisov,BATE Borisov,ucl-bate-borisov,BLR
BSC Young Boys,BSC Young Boys,ucl-bsc-young-boys,SUI
Bayer 04 Leverkusen,Bayer Leverkusen,ucl-bayer-leverkusen,GER
Bayer Leverkusen,Bayer Leverkusen,ucl-bayer-leverkusen,GER
Bayern München,Bayern Munich,ucl-bayern-munich,GER
FC Bayern München,Bayern Munich,ucl-bayern-munich,GER
SL Benfica,Benfica,ucl-benfica,POR
Sport Lisboa e Benfica,Benfica,ucl-benfica,POR
Beşiktaş,Beşiktaş,ucl-besiktas,TUR
Bologna FC 1909,Bologna FC 1909,ucl-bologna-fc-1909,ITA
Bor. Mönchengladbach,Bor. Mönchengladbach,ucl-bor-monchengladbach,GER
Borac Banja Luka,Borac Banja Luka,ucl-borac-banja-luka,BIH
Borussia Dortmund,Borussia Dortmund,ucl-borussia-dortmund,GER
Sporting Braga,Braga,ucl-braga,POR
Sporting Clube de Braga,Braga,ucl-braga,POR
Breiðablik,Breiðablik,ucl-brei-ablik,ISL
CFR Cluj,CFR Cluj,ucl-cfr-cluj,ROU
CS Petrocub,CS Petrocub,ucl-cs-petrocub,MDA
CSKA Moskva,CSKA Moskva,ucl-cska-moskva,RUS
Celtic FC,Celtic FC,ucl-celtic-fc,SCO
Chelsea FC,Chelsea FC,ucl-chelsea-fc,ENG
Club Brugge KV,Club Brugge KV,ucl-club-brugge-kv,BEL
Crvena Zvezda,Crvena Zvezda,ucl-crvena-zvezda,SRB
FK Crvena Zvezda,Crvena Zvezda,ucl-crvena-zvezda,SRB
Dinamo Batumi,Dinamo Batumi,ucl-dinamo-batumi,GEO
Dinamo Kiev,Dinamo Kiev,ucl-dinamo-kiev,UKR
Dinamo Minsk,Dinamo Minsk,ucl-dinamo-minsk,BLR
Dinamo Zagreb,Dinamo Zagreb,ucl-dinamo-zagreb,CRO
GNK Dinamo Zagreb,Dinamo Zagreb,ucl-dinamo-zagreb,CRO
Egnatia Rrogozhine,Egnatia Rrogozhine,ucl-egnatia-rrogozhine,ALB
Eintracht Frankfurt,Eintracht Frankfurt,ucl-eintracht-frankfurt,GER
FC Barcelona,FC Barcelona,ucl-fc-barcelona,ESP
FC Basel 1893,FC Basel 1893,ucl-fc-basel-1893,SUI
FC Differdange 03,FC Differdange 03,ucl-fc-differdange-03,LUX
FC Flora,FC Flora,ucl-fc-flora,EST
FC Iberia 1999,FC Iberia 1999,ucl-fc-iberia-1999,GEO
FC København,FC København,ucl-fc-k-benhavn,DEN
FC Lugano,FC Lugano,ucl-fc-lugano,SUI
FC Midtjylland,FC Midtjylland,ucl-fc-midtjylland,DEN
FC Milsami,FC Milsami,ucl-fc-milsami,MDA
FC Noah,FC Noah,ucl-fc-noah,ARM
FC Nordsjælland,FC Nordsjælland,ucl-fc-nordsj-lland,DEN
FC Porto,FC Porto,ucl-fc-porto,POR
FC Schalke 04,FC Schalke 04,ucl-fc-schalke-04,GER
FC Sheriff,FC Sheriff,ucl-fc-sheriff,MDA
FC Struga,FC Struga,ucl-fc-struga,MKD
FC Twente,FC Twente,ucl-fc-twente,NED
FCI Levadia,FCI Levadia,ucl-fci-levadia,EST
FC Steaua Bucureşti,FCSB,ucl-fcsb,ROU
FCSB,FCSB,ucl-fcsb,ROU
FK Astana,FK Astana,ucl-fk-astana,KAZ
FK Bodø/Glimt,FK Bodø/Glimt,ucl-fk-bod-glimt,NOR
FK Budućnost Podgorica,FK Budućnost Podgorica,ucl-fk-buducnost-podgorica,MNE
FK Dečić Tuzi,FK Dečić Tuzi,ucl-fk-decic-tuzi,MNE
FK Kairat,FK Kairat,ucl-fk-kairat,KAZ
FK Krasnodar,FK Krasnodar,ucl-fk-krasnodar,RUS
FK Ordabasy,FK Ordabasy,ucl-fk-ordabasy,KAZ
FK Panevėžys,FK Panevėžys,ucl-fk-panevezys,LTU
FK RFS,FK RFS,ucl-fk-rfs,LVA
FK Rostov,FK Rostov,ucl-fk-rostov,RUS
FK Žalgiris,FK Žalgiris,ucl-fk-zalgiris,LTU
Fenerbahçe,Fenerbahçe,ucl-fenerbahce,TUR
Ferencvárosi TC,Ferencvárosi TC,ucl-ferencvarosi-tc,HUN
Feyenoord,Feyenoord,ucl-feyenoord,NED
Feyenoord Rotterdam,Feyenoord,ucl-feyenoord,NED
Galatasaray,Galatasaray,ucl-galatasaray,TUR
Galatasaray SK,Galatasaray,ucl-galatasaray,TUR
Girona FC,Girona FC,ucl-girona-fc,ESP
HJK Helsinki,HJK Helsinki,ucl-hjk-helsinki,FIN
HNK Rijeka,HNK Rijeka,ucl-hnk-rijeka,CRO
Hamrun Spartans,Hamrun Spartans,ucl-hamrun-spartans,MLT
Inter Club d'Escaldes,Inter Club d'Escaldes,ucl-inter-club-d-escaldes,AND
FC Internazionale Milano,Inter Milan,ucl-inter-milan,ITA
Inter,Inter Milan,ucl-inter-milan,ITA
Jagiellonia Białystok,Jagiellonia Białystok,ucl-jagiellonia-bia-ystok,POL
Juventus,Juventus,ucl-juventus,ITA
Juventus FC,Juventus,ucl-juventus,ITA
KAA Gent,KAA Gent,ucl-kaa-gent,BEL
KF Ballkani,KF Ballkani,ucl-kf-ballkani,KOS
KF Drita,KF Drita,ucl-kf-drita,KOS
KF Shkëndija 79,KF Shkëndija 79,ucl-kf-shkendija-79,MKD
KRC Genk,KRC Genk,ucl-krc-genk,BEL
Kuopion PS,Kuopion PS,ucl-kuopion-ps,FIN
KÍ Klaksvík,KÍ Klaksvík,ucl-ki-klaksvik,FRO
Larne FC,Larne FC,ucl-larne-fc,NIR
Lazio Roma,Lazio,ucl-lazio,ITA
SS Lazio,Lazio,ucl-lazio,ITA
Lech Poznań,Lech Poznań,ucl-lech-poznan,POL
Legia Warszawa,Legia Warszawa,ucl-legia-warszawa,POL
Leicester City,Leicester City,ucl-leicester-city,ENG
Lille OSC,Lille OSC,ucl-lille-osc,FRA
Lincoln Red Imps,Lincoln Red Imps,ucl-lincoln-red-imps,GIB
Linfield FC,Linfield FC,ucl-linfield-fc,NIR
Liverpool FC,Liverpool FC,ucl-liverpool-fc,ENG
Lokomotiv Moskva,Lokomotiv Moskva,ucl-lokomotiv-moskva,RUS
Maccabi Haifa,Maccabi Haifa,ucl-maccabi-haifa,ISR
Maccabi Tel Aviv,Maccabi Tel Aviv,ucl-maccabi-tel-aviv,ISR
Malmö FF,Malmö FF,ucl-malmo-ff,SWE
Manchester City,Manchester City,ucl-manchester-city,ENG
Manchester City FC,Manchester City,ucl-manchester-city,ENG
Manchester United,Manchester United,ucl-manchester-united,ENG
Manchester United FC,Manchester United,ucl-manchester-united,ENG
Montpellier HSC,Montpellier HSC,ucl-montpellier-hsc,FRA
Málaga CF,Málaga CF,ucl-malaga-cf,ESP
NK Celje,NK Celje,ucl-nk-celje,SVN
NK Maribor,NK Maribor,ucl-nk-maribor,SVN
Newcastle United FC,Newcastle United FC,ucl-newcastle-united-fc,ENG
OGC Nice,OGC Nice,ucl-ogc-nice,FRA
Olimpija Ljubljana,Olimpija Ljubljana,ucl-olimpija-ljubljana,SVN
Olympiakos Piraeus,Olympiacos,ucl-olympiacos,GRE
PAE Olympiakos SFP,Olympiacos,ucl-olympiacos,GRE
Olympique Lyonnais,Olympique Lyonnais,ucl-olympique-lyonnais,FRA
Olympique Marseille,Olympique Marseille,ucl-olympique-marseille,FRA
Olympique de Marseille,Olympique Marseille,ucl-olympique-marseille,FRA
Oţelul Galaţi,Oţelul Galaţi,ucl-otelul-galati,ROU
PAOK Saloniki,PAOK Saloniki,ucl-paok-saloniki,GRE
PFC Ludogorets Razgrad,PFC Ludogorets Razgrad,ucl-pfc-ludogorets-razgrad,BUL
PSV,PSV Eindhoven,ucl-psv-eindhoven,NED
PSV Eindhoven,PSV Eindhoven,ucl-psv-eindhoven,NED
Pafos FC,Pafos FC,ucl-pafos-fc,CYP
Paphos FC,Pafos FC,ucl-pafos-fc,CYP
Panathinaikos,Panathinaikos,ucl-panathinaikos,GRE
Paris Saint-Germain,Paris Saint-Germain,ucl-paris-saint-germain,FRA
Paris Saint-Germain FC,Paris Saint-Germain,ucl-paris-saint-germain,FRA
Partizan,Partizan,ucl-partizan,SRB
Pyunik FC,Pyunik FC,ucl-pyunik-fc,ARM
Qarabağ Ağdam FK,Qarabağ FK,ucl-qarabag-fk,AZE
Qarabağ FK,Qarabağ FK,ucl-qarabag-fk,AZE
RB Leipzig,RB Leipzig,ucl-rb-leipzig,GER
FC Red Bull Salzburg,RB Salzburg,ucl-rb-salzburg,AUT
RB Salzburg,RB Salzburg,ucl-rb-salzburg,AUT
RSC Anderlecht,RSC Anderlecht,ucl-rsc-anderlecht,BEL
Racing Club de Lens,Racing Club de Lens,ucl-racing-club-de-lens,FRA
Rangers FC,Rangers FC,ucl-rangers-fc,SCO
Real Madrid,Real Madrid,ucl-real-madrid,ESP
Real Madrid CF,Real Madrid,ucl-real-madrid,ESP
Real Sociedad,Real Sociedad,ucl-real-sociedad,ESP
Real Sociedad de Fútbol,Real Sociedad,ucl-real-sociedad,ESP
Royal Antwerp FC,Royal Antwerp FC,ucl-royal-antwerp-fc,BEL
SK Brann,SK Brann,ucl-sk-brann,NOR
SS Virtus,SS Virtus,ucl-ss-virtus,SMR
SSC Napoli,SSC Napoli,ucl-ssc-napoli,ITA
Servette FC,Servette FC,ucl-servette-fc,SUI
Sevilla FC,Sevilla FC,ucl-sevilla-fc,ESP
FK Shakhtar Donetsk,Shakhtar Donetsk,ucl-shakhtar-donetsk,UKR
Shakhtar Donetsk,Shakhtar Donetsk,ucl-shakhtar-donetsk,UKR
Shamrock Rovers,Shamrock Rovers,ucl-shamrock-rovers,IRL
Shelbourne FC,Shelbourne FC,ucl-shelbourne-fc,IRL
SK Slavia Praha,Slavia Praha,ucl-slavia-praha,CZE
Slavia Praha,Slavia Praha,ucl-slavia-praha,CZE
Slovan Bratislava,Slovan Bratislava,ucl-slovan-bratislava,SVK
ŠK Slovan Bratislava,Slovan Bratislava,ucl-slovan-bratislava,SVK
Spartak Moskva,Spartak Moskva,ucl-spartak-moskva,RUS
Sporting CP,Sporting CP,ucl-sporting-cp,POR
Sporting Clube de Portugal,Sporting CP,ucl-sporting-cp,POR
Stade Brestois 29,Stade Brestois 29,ucl-stade-brestois-29,FRA
Stade Rennais,Stade Rennais,ucl-stade-rennais,FRA
SK Sturm Graz,Sturm Graz,ucl-sturm-graz,AUT
Sturm Graz,Sturm Graz,ucl-sturm-graz,AUT
The New Saints,The New Saints,ucl-the-new-saints,WAL
Tottenham Hotspur,Tottenham Hotspur,ucl-tottenham-hotspur,ENG
Tottenham Hotspur FC,Tottenham Hotspur,ucl-tottenham-hotspur,ENG
Trabzonspor,Trabzonspor,ucl-trabzonspor,TUR
UE Santa Coloma,UE Santa Coloma,ucl-ue-santa-coloma,AND
Royale Union Saint-Gilloise,Union Saint-Gilloise,ucl-union-saint-gilloise,BEL
Union Saint-Gilloise,Union Saint-Gilloise,ucl-union-saint-gilloise,BEL
Valencia CF,Valencia CF,ucl-valencia-cf,ESP
VfB Stuttgart,VfB Stuttgart,ucl-vfb-stuttgart,GER
VfL Wolfsburg,VfL Wolfsburg,ucl-vfl-wolfsburg,GER
Viktoria Plzeň,Viktoria Plzeň,ucl-viktoria-plzen,CZE
Villarreal CF,Villarreal CF,ucl-villarreal-cf,ESP
Víkingur,Víkingur,ucl-vikingur,FRO
Víkingur Reykjavík,Víkingur Reykjavík,ucl-vikingur-reykjavik,ISL
Zenit St. Petersburg,Zenit St. Petersburg,ucl-zenit-st-petersburg,RUS
Zrinjski Mostar,Zrinjski Mostar,ucl-zrinjski-mostar,BIH
İstanbul Başakşehir,İstanbul Başakşehir,ucl-istanbul-basaksehir,TUR
