home_team,away_team,home_goals,away_goals,date,year,stage,decided_by,home_penalty,away_penalty,stage_order,result,total_goals,goal_diff,btts,attendance
United States,Belgium,3,0,1930-07-13,1930,Group stage,Normal Time,,,0.0,H,3,3,0,88966.0
France,Mexico,4,1,1930-07-13,1930,Group stage,Normal Time,,,0.0,H,5,3,1,44137.0
Yugoslavia,Brazil,2,1,1930-07-14,1930,Group stage,Normal Time,,,0.0,H,3,1,1,68294.0
Romania,Peru,3,1,1930-07-14,1930,Group stage,Normal Time,,,0.0,H,4,2,1,88966.0
Argentina,France,1,0,1930-07-15,1930,Group stage,Normal Time,,,0.0,H,1,1,0,44198.0
Chile,Mexico,3,0,1930-07-16,1930,Group stage,Normal Time,,,0.0,H,3,3,0,68895.0
Yugoslavia,Bolivia,4,0,1930-07-17,1930,Group stage,Normal Time,,,0.0,H,4,4,0,43893.0
United States,Paraguay,3,0,1930-07-17,1930,Group stage,Normal Time,,,0.0,H,3,3,0,88235.0
Uruguay,Peru,1,0,1930-07-18,1930,Group stage,Normal Time,,,0.0,H,1,1,0,44667.0
Chile,France,1,0,1930-07-19,1930,Group stage,Normal Time,,,0.0,H,1,1,0,83720.0
Argentina,Mexico,6,3,1930-07-19,1930,Group stage,Normal Time,,,0.0,H,9,3,1,42523.0
Brazil,Bolivia,4,0,1930-07-20,1930,Group stage,Normal Time,,,0.0,H,4,4,0,43847.0
Paraguay,Belgium,1,0,1930-07-20,1930,Group stage,Normal Time,,,0.0,H,1,1,0,40989.0
Uruguay,Romania,4,0,1930-07-21,1930,Group stage,Normal Time,,,0.0,H,4,4,0,65985.0
Argentina,Chile,3,1,1930-07-22,1930,Group stage,Normal Time,,,0.0,H,4,2,1,44846.0
Argentina,United States,6,1,1930-07-26,1930,Semi-finals,Normal Time,,,0.0,H,7,5,1,45032.0
Uruguay,Yugoslavia,6,1,1930-07-27,1930,Semi-finals,Normal Time,,,0.0,H,7,5,1,44097.0
Uruguay,Argentina,4,2,1930-07-30,1930,Final,Normal Time,,,6.0,H,6,2,1,43443.0
Czechoslovakia,Romania,2,1,1934-05-27,1934,Round of 16,Normal Time,,,2.0,H,3,1,1,85986.0
Hungary,Egypt,4,2,1934-05-27,1934,Round of 16,Normal Time,,,2.0,H,6,2,1,41378.0
Austria,France,3,2,1934-05-27,1934,Round of 16,Normal Time,,,2.0,H,5,1,1,43102.0
Switzerland,Netherlands,3,2,1934-05-27,1934,Round of 16,Normal Time,,,2.0,H,5,1,1,43984.0
Sweden,Argentina,3,2,1934-05-27,1934,Round of 16,Normal Time,,,2.0,H,5,1,1,67054.0
Spain,Brazil,3,1,1934-05-27,1934,Round of 16,Normal Time,,,2.0,H,4,2,1,44851.0
Germany,Belgium,5,2,1934-05-27,1934,Round of 16,Normal Time,,,2.0,H,7,3,1,41232.0
Italy,United States,7,1,1934-05-27,1934,Round of 16,Normal Time,,,2.0,H,8,6,1,43627.0
Austria,Hungary,2,1,1934-05-31,1934,Quarter-finals,Normal Time,,,0.0,H,3,1,1,84985.0
Czechoslovakia,Switzerland,3,2,1934-05-31,1934,Quarter-finals,Normal Time,,,0.0,H,5,1,1,44089.0
Italy,Spain,1,1,1934-05-31,1934,Quarter-finals,Normal Time,,,0.0,D,2,0,1,44569.0
Germany,Sweden,2,1,1934-05-31,1934,Quarter-finals,Normal Time,,,0.0,H,3,1,1,66784.0
Italy,Spain,1,0,1934-06-01,1934,Quarter-finals,Normal Time,,,0.0,H,1,1,0,42127.0
Czechoslovakia,Germany,3,1,1934-06-03,1934,Semi-finals,Normal Time,,,0.0,H,4,2,1,44297.0
Italy,Austria,1,0,1934-06-03,1934,Semi-finals,Normal Time,,,0.0,H,1,1,0,39789.0
Germany,Austria,3,2,1934-06-07,1934,Third-place match,Normal Time,,,0.0,H,5,1,1,43983.0
Italy,Czechoslovakia,2,1,1934-06-10,1934,Final,Normal Time,,,6.0,H,3,1,1,43649.0
Switzerland,Germany,1,1,1938-06-04,1938,Round of 16,Normal Time,,,2.0,D,2,0,1,88668.0
Italy,Norway,2,1,1938-06-05,1938,Round of 16,Normal Time,,,2.0,H,3,1,1,41479.0
Cuba,Romania,3,3,1938-06-05,1938,Round of 16,Normal Time,,,2.0,D,6,0,1,43738.0
Hungary,Dutch East Indies,6,0,1938-06-05,1938,Round of 16,Normal Time,,,2.0,H,6,6,0,44374.0
France,Belgium,3,1,1938-06-05,1938,Round of 16,Normal Time,,,2.0,H,4,2,1,68895.0
Brazil,Poland,6,5,1938-06-05,1938,Round of 16,Normal Time,,,2.0,H,11,1,1,41823.0
Czechoslovakia,Netherlands,3,0,1938-06-05,1938,Round of 16,Normal Time,,,2.0,H,3,3,0,44259.0
Switzerland,Germany,4,2,1938-06-09,1938,Round of 16,Normal Time,,,2.0,H,6,2,1,42860.0
Cuba,Romania,2,1,1938-06-09,1938,Round of 16,Normal Time,,,2.0,H,3,1,1,88966.0
Sweden,Cuba,8,0,1938-06-12,1938,Quarter-finals,Normal Time,,,0.0,H,8,8,0,40875.0
Brazil,Czechoslovakia,1,1,1938-06-12,1938,Quarter-finals,Normal Time,,,0.0,D,2,0,1,41797.0
Hungary,Switzerland,2,0,1938-06-12,1938,Quarter-finals,Normal Time,,,0.0,H,2,2,0,44833.0
Italy,France,3,1,1938-06-12,1938,Quarter-finals,Normal Time,,,0.0,H,4,2,1,68463.0
Brazil,Czechoslovakia,2,1,1938-06-14,1938,Quarter-finals,Normal Time,,,0.0,H,3,1,1,39089.0
Hungary,Sweden,5,1,1938-06-16,1938,Semi-finals,Normal Time,,,0.0,H,6,4,1,41663.0
Italy,Brazil,2,1,1938-06-16,1938,Semi-finals,Normal Time,,,0.0,H,3,1,1,42662.0
Brazil,Sweden,4,2,1938-06-19,1938,Third-place match,Normal Time,,,0.0,H,6,2,1,88103.0
Italy,Hungary,4,2,1938-06-19,1938,Final,Normal Time,,,6.0,H,6,2,1,59407.0
Brazil,Mexico,4,0,1950-06-24,1950,Group stage,Normal Time,,,0.0,H,4,4,0,42608.0
Sweden,Italy,3,2,1950-06-25,1950,Group stage,Normal Time,,,0.0,H,5,1,1,40013.0
England,Chile,2,0,1950-06-25,1950,Group stage,Normal Time,,,0.0,H,2,2,0,40432.0
Spain,United States,3,1,1950-06-25,1950,Group stage,Normal Time,,,0.0,H,4,2,1,88012.0
Yugoslavia,Switzerland,3,0,1950-06-25,1950,Group stage,Normal Time,,,0.0,H,3,3,0,42925.0
Brazil,Switzerland,2,2,1950-06-28,1950,Group stage,Normal Time,,,0.0,D,4,0,1,39369.0
Yugoslavia,Mexico,4,1,1950-06-28,1950,Group stage,Normal Time,,,0.0,H,5,3,1,40875.0
Spain,Chile,2,0,1950-06-29,1950,Group stage,Normal Time,,,0.0,H,2,2,0,45334.0
United States,England,1,0,1950-06-29,1950,Group stage,Normal Time,,,0.0,H,1,1,0,41721.0
Sweden,Paraguay,2,2,1950-06-29,1950,Group stage,Normal Time,,,0.0,D,4,0,1,43418.0
Brazil,Yugoslavia,2,0,1950-07-01,1950,Group stage,Normal Time,,,0.0,H,2,2,0,67372.0
Chile,United States,5,2,1950-07-02,1950,Group stage,Normal Time,,,0.0,H,7,3,1,78011.0
Italy,Paraguay,2,0,1950-07-02,1950,Group stage,Normal Time,,,0.0,H,2,2,0,64406.0
Uruguay,Bolivia,8,0,1950-07-02,1950,Group stage,Normal Time,,,0.0,H,8,8,0,78011.0
Spain,England,1,0,1950-07-02,1950,Group stage,Normal Time,,,0.0,H,1,1,0,64286.0
Switzerland,Mexico,2,1,1950-07-02,1950,Group stage,Normal Time,,,0.0,H,3,1,1,39991.0
Brazil,Sweden,7,1,1950-07-09,1950,Final stage,Normal Time,,,0.0,H,8,6,1,44287.0
Uruguay,Spain,2,2,1950-07-09,1950,Final stage,Normal Time,,,0.0,D,4,0,1,43319.0
Brazil,Spain,6,1,1950-07-13,1950,Final stage,Normal Time,,,0.0,H,7,5,1,42873.0
Uruguay,Sweden,3,2,1950-07-13,1950,Final stage,Normal Time,,,0.0,H,5,1,1,64042.0
Sweden,Spain,3,1,1950-07-16,1950,Final stage,Normal Time,,,0.0,H,4,2,1,44190.0
Uruguay,Brazil,2,1,1950-07-16,1950,Final stage,Normal Time,,,0.0,H,3,1,1,41970.0
Uruguay,Czechoslovakia,2,0,1954-06-16,1954,Group stage,Normal Time,,,0.0,H,2,2,0,41466.0
Yugoslavia,France,1,0,1954-06-16,1954,Group stage,Normal Time,,,0.0,H,1,1,0,78011.0
Brazil,Mexico,5,0,1954-06-16,1954,Group stage,Normal Time,,,0.0,H,5,5,0,40851.0
Austria,Scotland,1,0,1954-06-16,1954,Group stage,Normal Time,,,0.0,H,1,1,0,42873.0
Switzerland,Italy,2,1,1954-06-17,1954,Group stage,Normal Time,,,0.0,H,3,1,1,44287.0
Hungary,Korea Republic,9,0,1954-06-17,1954,Group stage,Normal Time,,,0.0,H,9,9,0,42189.0
Germany,Turkey,4,1,1954-06-17,1954,Group stage,Normal Time,,,0.0,H,5,3,1,41970.0
England,Belgium,4,4,1954-06-17,1954,Group stage,Normal Time,,,0.0,D,8,0,1,33973.0
Uruguay,Scotland,7,0,1954-06-19,1954,Group stage,Normal Time,,,0.0,H,7,7,0,37168.0
Brazil,Yugoslavia,1,1,1954-06-19,1954,Group stage,Normal Time,,,0.0,D,2,0,1,41835.0
Austria,Czechoslovakia,5,0,1954-06-19,1954,Group stage,Normal Time,,,0.0,H,5,5,0,33061.0
France,Mexico,3,2,1954-06-19,1954,Group stage,Normal Time,,,0.0,H,5,1,1,43319.0
Hungary,Germany,8,3,1954-06-20,1954,Group stage,Normal Time,,,0.0,H,11,5,1,44190.0
Turkey,Korea Republic,7,0,1954-06-20,1954,Group stage,Normal Time,,,0.0,H,7,7,0,44073.0
Italy,Belgium,4,1,1954-06-20,1954,Group stage,Normal Time,,,0.0,H,5,3,1,78011.0
Switzerland,England,0,2,1954-06-20,1954,Group stage,Normal Time,,,0.0,A,2,-2,0,43472.0
Germany,Turkey,7,2,1954-06-23,1954,Group stage play-off,Normal Time,,,0.0,H,9,5,1,64468.0
Switzerland,Italy,4,1,1954-06-23,1954,Group stage play-off,Normal Time,,,0.0,H,5,3,1,36823.0
Uruguay,England,4,2,1954-06-26,1954,Quarter-finals,Normal Time,,,0.0,H,6,2,1,41970.0
Switzerland,Austria,5,7,1954-06-26,1954,Quarter-finals,Normal Time,,,0.0,A,12,-2,1,33973.0
Germany,Yugoslavia,2,0,1954-06-27,1954,Quarter-finals,Normal Time,,,0.0,H,2,2,0,41685.0
Hungary,Brazil,4,2,1954-06-27,1954,Quarter-finals,Normal Time,,,0.0,H,6,2,1,43319.0
Hungary,Uruguay,4,2,1954-06-30,1954,Semi-finals,Normal Time,,,0.0,H,6,2,1,32572.0
Germany,Austria,6,1,1954-06-30,1954,Semi-finals,Normal Time,,,0.0,H,7,5,1,42873.0
Austria,Uruguay,3,1,1954-07-03,1954,Third-place match,Normal Time,,,0.0,H,4,2,1,44190.0
Germany,Hungary,3,2,1954-07-04,1954,Final,Normal Time,,,6.0,H,5,1,1,43472.0
Sweden,Mexico,3,0,1958-06-08,1958,Group stage,Normal Time,,,0.0,H,3,3,0,44287.0
Northern Ireland,Czechoslovakia,1,0,1958-06-08,1958,Group stage,Normal Time,,,0.0,H,1,1,0,64468.0
Hungary,Wales,1,1,1958-06-08,1958,Group stage,Normal Time,,,0.0,D,2,0,1,40904.0
Yugoslavia,Scotland,1,1,1958-06-08,1958,Group stage,Normal Time,,,0.0,D,2,0,1,33167.0
Brazil,Austria,3,0,1958-06-08,1958,Group stage,Normal Time,,,0.0,H,3,3,0,40727.0
Soviet Union,England,2,2,1958-06-08,1958,Group stage,Normal Time,,,0.0,D,4,0,1,32789.0
France,Paraguay,7,3,1958-06-08,1958,Group stage,Normal Time,,,0.0,H,10,4,1,43319.0
Argentina,West Germany,1,3,1958-06-08,1958,Group stage,Normal Time,,,0.0,A,4,-2,1,78011.0
Soviet Union,Austria,2,0,1958-06-11,1958,Group stage,Normal Time,,,0.0,H,2,2,0,42678.0
West Germany,Czechoslovakia,2,2,1958-06-11,1958,Group stage,Normal Time,,,0.0,D,4,0,1,42718.0
Argentina,Northern Ireland,3,1,1958-06-11,1958,Group stage,Normal Time,,,0.0,H,4,2,1,40842.0
Yugoslavia,France,3,2,1958-06-11,1958,Group stage,Normal Time,,,0.0,H,5,1,1,44190.0
Paraguay,Scotland,3,2,1958-06-11,1958,Group stage,Normal Time,,,0.0,H,5,1,1,64468.0
Brazil,England,0,0,1958-06-11,1958,Group stage,Normal Time,,,0.0,D,0,0,0,42300.0
Mexico,Wales,1,1,1958-06-11,1958,Group stage,Normal Time,,,0.0,D,2,0,1,43257.0
Sweden,Hungary,2,1,1958-06-12,1958,Group stage,Normal Time,,,0.0,H,3,1,1,41064.0
Sweden,Wales,0,0,1958-06-15,1958,Group stage,Normal Time,,,0.0,D,0,0,0,41432.0
Paraguay,Yugoslavia,3,3,1958-06-15,1958,Group stage,Normal Time,,,0.0,D,6,0,1,78011.0
West Germany,Northern Ireland,2,2,1958-06-15,1958,Group stage,Normal Time,,,0.0,D,4,0,1,43109.0
Czechoslovakia,Argentina,6,1,1958-06-15,1958,Group stage,Normal Time,,,0.0,H,7,5,1,41279.0
England,Austria,2,2,1958-06-15,1958,Group stage,Normal Time,,,0.0,D,4,0,1,44190.0
Brazil,Soviet Union,2,0,1958-06-15,1958,Group stage,Normal Time,,,0.0,H,2,2,0,40502.0
Hungary,Mexico,4,0,1958-06-15,1958,Group stage,Normal Time,,,0.0,H,4,4,0,31136.0
France,Scotland,2,1,1958-06-15,1958,Group stage,Normal Time,,,0.0,H,3,1,1,27015.0
Northern Ireland,Czechoslovakia,2,1,1958-06-17,1958,Group stage play-off,Normal Time,,,0.0,H,3,1,1,62548.0
Wales,Hungary,2,1,1958-06-17,1958,Group stage play-off,Normal Time,,,0.0,H,3,1,1,43866.0
Soviet Union,England,1,0,1958-06-17,1958,Group stage play-off,Normal Time,,,0.0,H,1,1,0,78011.0
France,Northern Ireland,4,0,1958-06-19,1958,Quarter-finals,Normal Time,,,0.0,H,4,4,0,74738.0
West Germany,Yugoslavia,1,0,1958-06-19,1958,Quarter-finals,Normal Time,,,0.0,H,1,1,0,68034.0
Brazil,Wales,1,0,1958-06-19,1958,Quarter-finals,Normal Time,,,0.0,H,1,1,0,63267.0
Sweden,Soviet Union,2,0,1958-06-19,1958,Quarter-finals,Normal Time,,,0.0,H,2,2,0,58141.0
Sweden,West Germany,3,1,1958-06-24,1958,Semi-finals,Normal Time,,,0.0,H,4,2,1,68551.0
Brazil,France,5,2,1958-06-24,1958,Semi-finals,Normal Time,,,0.0,H,7,3,1,51179.0
France,West Germany,6,3,1958-06-28,1958,Third-place match,Normal Time,,,0.0,H,9,3,1,74240.0
Brazil,Sweden,5,2,1958-06-29,1958,Final,Normal Time,,,6.0,H,7,3,1,60342.0
Chile,Switzerland,3,1,1962-05-30,1962,Group stage,Normal Time,,,0.0,H,4,2,1,63255.0
Uruguay,Colombia,2,1,1962-05-30,1962,Group stage,Normal Time,,,0.0,H,3,1,1,51227.0
Brazil,Mexico,2,0,1962-05-30,1962,Group stage,Normal Time,,,0.0,H,2,2,0,67882.0
Argentina,Bulgaria,1,0,1962-05-30,1962,Group stage,Normal Time,,,0.0,H,1,1,0,43063.0
West Germany,Italy,0,0,1962-05-31,1962,Group stage,Normal Time,,,0.0,D,0,0,0,58817.0
Hungary,England,2,1,1962-05-31,1962,Group stage,Normal Time,,,0.0,H,3,1,1,41242.0
Czechoslovakia,Spain,1,0,1962-05-31,1962,Group stage,Normal Time,,,0.0,H,1,1,0,57714.0
Soviet Union,Yugoslavia,2,0,1962-05-31,1962,Group stage,Normal Time,,,0.0,H,2,2,0,73804.0
Chile,Italy,2,0,1962-06-02,1962,Group stage,Normal Time,,,0.0,H,2,2,0,41876.0
Brazil,Czechoslovakia,0,0,1962-06-02,1962,Group stage,Normal Time,,,0.0,D,0,0,0,67540.0
England,Argentina,3,1,1962-06-02,1962,Group stage,Normal Time,,,0.0,H,4,2,1,61397.0
Yugoslavia,Uruguay,3,1,1962-06-02,1962,Group stage,Normal Time,,,0.0,H,4,2,1,39311.0
Spain,Mexico,1,0,1962-06-03,1962,Group stage,Normal Time,,,0.0,H,1,1,0,48011.0
Soviet Union,Colombia,4,4,1962-06-03,1962,Group stage,Normal Time,,,0.0,D,8,0,1,43285.0
Hungary,Bulgaria,6,1,1962-06-03,1962,Group stage,Normal Time,,,0.0,H,7,5,1,40322.0
West Germany,Switzerland,2,1,1962-06-03,1962,Group stage,Normal Time,,,0.0,H,3,1,1,73749.0
West Germany,Chile,2,0,1962-06-06,1962,Group stage,Normal Time,,,0.0,H,2,2,0,57823.0
Soviet Union,Uruguay,2,1,1962-06-06,1962,Group stage,Normal Time,,,0.0,H,3,1,1,39706.0
Hungary,Argentina,0,0,1962-06-06,1962,Group stage,Normal Time,,,0.0,D,0,0,0,40340.0
Brazil,Spain,2,1,1962-06-06,1962,Group stage,Normal Time,,,0.0,H,3,1,1,59095.0
England,Bulgaria,0,0,1962-06-07,1962,Group stage,Normal Time,,,0.0,D,0,0,0,39375.0
Mexico,Czechoslovakia,3,1,1962-06-07,1962,Group stage,Normal Time,,,0.0,H,4,2,1,62996.0
Italy,Switzerland,3,0,1962-06-07,1962,Group stage,Normal Time,,,0.0,H,3,3,0,41212.0
Yugoslavia,Colombia,5,0,1962-06-07,1962,Group stage,Normal Time,,,0.0,H,5,5,0,69112.0
Chile,Soviet Union,2,1,1962-06-10,1962,Quarter-finals,Normal Time,,,0.0,H,3,1,1,73819.0
Brazil,England,3,1,1962-06-10,1962,Quarter-finals,Normal Time,,,0.0,H,4,2,1,42732.0
Czechoslovakia,Hungary,1,0,1962-06-10,1962,Quarter-finals,Normal Time,,,0.0,H,1,1,0,40123.0
Yugoslavia,West Germany,1,0,1962-06-10,1962,Quarter-finals,Normal Time,,,0.0,H,1,1,0,57698.0
Brazil,Chile,4,2,1962-06-13,1962,Semi-finals,Normal Time,,,0.0,H,6,2,1,59621.0
Czechoslovakia,Yugoslavia,3,1,1962-06-13,1962,Semi-finals,Normal Time,,,0.0,H,4,2,1,40499.0
Chile,Yugoslavia,1,0,1962-06-16,1962,Third-place match,Normal Time,,,0.0,H,1,1,0,40285.0
Brazil,Czechoslovakia,3,1,1962-06-17,1962,Final,Normal Time,,,6.0,H,4,2,1,51003.0
England,Uruguay,0,0,1966-07-11,1966,Group stage,Normal Time,,,0.0,D,0,0,0,39224.0
Brazil,Bulgaria,2,0,1966-07-12,1966,Group stage,Normal Time,,,0.0,H,2,2,0,68748.0
Soviet Union,Korea Dpr,3,0,1966-07-12,1966,Group stage,Normal Time,,,0.0,H,3,3,0,62575.0
West Germany,Switzerland,5,0,1966-07-12,1966,Group stage,Normal Time,,,0.0,H,5,5,0,39485.0
Argentina,Spain,2,1,1966-07-13,1966,Group stage,Normal Time,,,0.0,H,3,1,1,42877.0
France,Mexico,1,1,1966-07-13,1966,Group stage,Normal Time,,,0.0,D,2,0,1,74101.0
Italy,Chile,2,0,1966-07-13,1966,Group stage,Normal Time,,,0.0,H,2,2,0,39982.0
Portugal,Hungary,3,1,1966-07-13,1966,Group stage,Normal Time,,,0.0,H,4,2,1,56800.0
Spain,Switzerland,2,1,1966-07-15,1966,Group stage,Normal Time,,,0.0,H,3,1,1,60342.0
Uruguay,France,2,1,1966-07-15,1966,Group stage,Normal Time,,,0.0,H,3,1,1,37603.0
Hungary,Brazil,3,1,1966-07-15,1966,Group stage,Normal Time,,,0.0,H,4,2,1,51081.0
Korea Dpr,Chile,1,1,1966-07-15,1966,Group stage,Normal Time,,,0.0,D,2,0,1,39081.0
West Germany,Argentina,0,0,1966-07-16,1966,Group stage,Normal Time,,,0.0,D,0,0,0,39760.0
Soviet Union,Italy,1,0,1966-07-16,1966,Group stage,Normal Time,,,0.0,H,1,1,0,68351.0
Portugal,Bulgaria,3,0,1966-07-16,1966,Group stage,Normal Time,,,0.0,H,3,3,0,43012.0
England,Mexico,2,0,1966-07-16,1966,Group stage,Normal Time,,,0.0,H,2,2,0,74738.0
Uruguay,Mexico,0,0,1966-07-19,1966,Group stage,Normal Time,,,0.0,D,0,0,0,57174.0
Argentina,Switzerland,2,0,1966-07-19,1966,Group stage,Normal Time,,,0.0,H,2,2,0,58679.0
Portugal,Brazil,3,1,1966-07-19,1966,Group stage,Normal Time,,,0.0,H,4,2,1,39800.0
Korea Dpr,Italy,1,0,1966-07-19,1966,Group stage,Normal Time,,,0.0,H,1,1,0,40267.0
England,France,2,0,1966-07-20,1966,Group stage,Normal Time,,,0.0,H,2,2,0,39216.0
Hungary,Bulgaria,3,1,1966-07-20,1966,Group stage,Normal Time,,,0.0,H,4,2,1,48173.0
West Germany,Spain,2,1,1966-07-20,1966,Group stage,Normal Time,,,0.0,H,3,1,1,40275.0
Soviet Union,Chile,2,1,1966-07-20,1966,Group stage,Normal Time,,,0.0,H,3,1,1,62103.0
Portugal,Korea Dpr,5,3,1966-07-23,1966,Quarter-finals,Normal Time,,,0.0,H,8,2,1,84490.0
England,Argentina,1,0,1966-07-23,1966,Quarter-finals,Normal Time,,,0.0,H,1,1,0,36254.0
Soviet Union,Hungary,2,1,1966-07-23,1966,Quarter-finals,Normal Time,,,0.0,H,3,1,1,60960.0
West Germany,Uruguay,4,0,1966-07-23,1966,Quarter-finals,Normal Time,,,0.0,H,4,4,0,62479.0
West Germany,Soviet Union,2,1,1966-07-25,1966,Semi-finals,Normal Time,,,0.0,H,3,1,1,64100.0
England,Portugal,2,1,1966-07-26,1966,Semi-finals,Normal Time,,,0.0,H,3,1,1,55359.0
Portugal,Soviet Union,2,1,1966-07-28,1966,Third-place match,Normal Time,,,0.0,H,3,1,1,40186.0
England,West Germany,4,2,1966-07-30,1966,Final,Normal Time,,,6.0,H,6,2,1,84017.0
Mexico,Soviet Union,0,0,1970-05-31,1970,Group stage,Normal Time,,,0.0,D,0,0,0,36742.0
England,Romania,1,0,1970-06-02,1970,Group stage,Normal Time,,,0.0,H,1,1,0,62955.0
Peru,Bulgaria,3,2,1970-06-02,1970,Group stage,Normal Time,,,0.0,H,5,1,1,61962.0
Uruguay,Israel,2,0,1970-06-02,1970,Group stage,Normal Time,,,0.0,H,2,2,0,54096.0
Belgium,El Salvador,3,0,1970-06-03,1970,Group stage,Normal Time,,,0.0,H,3,3,0,40510.0
Brazil,Czechoslovakia,4,1,1970-06-03,1970,Group stage,Normal Time,,,0.0,H,5,3,1,84377.0
Italy,Sweden,1,0,1970-06-03,1970,Group stage,Normal Time,,,0.0,H,1,1,0,30597.0
West Germany,Morocco,2,1,1970-06-03,1970,Group stage,Normal Time,,,0.0,H,3,1,1,34976.0
Romania,Czechoslovakia,2,1,1970-06-06,1970,Group stage,Normal Time,,,0.0,H,3,1,1,62712.0
Uruguay,Italy,0,0,1970-06-06,1970,Group stage,Normal Time,,,0.0,D,0,0,0,34763.0
Soviet Union,Belgium,4,1,1970-06-06,1970,Group stage,Normal Time,,,0.0,H,5,3,1,41958.0
Peru,Morocco,3,0,1970-06-06,1970,Group stage,Normal Time,,,0.0,H,3,3,0,28042.0
Mexico,El Salvador,4,0,1970-06-07,1970,Group stage,Normal Time,,,0.0,H,4,4,0,34850.0
Brazil,England,1,0,1970-06-07,1970,Group stage,Normal Time,,,0.0,H,1,1,0,53412.0
West Germany,Bulgaria,5,2,1970-06-07,1970,Group stage,Normal Time,,,0.0,H,7,3,1,27967.0
Sweden,Israel,1,1,1970-06-07,1970,Group stage,Normal Time,,,0.0,D,2,0,1,63093.0
West Germany,Peru,3,1,1970-06-10,1970,Group stage,Normal Time,,,0.0,H,4,2,1,36893.0
Brazil,Romania,3,2,1970-06-10,1970,Group stage,Normal Time,,,0.0,H,5,1,1,35827.0
Sweden,Uruguay,1,0,1970-06-10,1970,Group stage,Normal Time,,,0.0,H,1,1,0,83391.0
Soviet Union,El Salvador,2,0,1970-06-10,1970,Group stage,Normal Time,,,0.0,H,2,2,0,37836.0
Mexico,Belgium,1,0,1970-06-11,1970,Group stage,Normal Time,,,0.0,H,1,1,0,33425.0
Italy,Israel,0,0,1970-06-11,1970,Group stage,Normal Time,,,0.0,D,0,0,0,39415.0
Bulgaria,Morocco,1,1,1970-06-11,1970,Group stage,Normal Time,,,0.0,D,2,0,1,61874.0
England,Czechoslovakia,1,0,1970-06-11,1970,Group stage,Normal Time,,,0.0,H,1,1,0,38891.0
Brazil,Peru,4,2,1970-06-14,1970,Quarter-finals,Normal Time,,,0.0,H,6,2,1,63644.0
Italy,Mexico,4,1,1970-06-14,1970,Quarter-finals,Normal Time,,,0.0,H,5,3,1,34872.0
Uruguay,Soviet Union,1,0,1970-06-14,1970,Quarter-finals,Normal Time,,,0.0,H,1,1,0,54386.0
West Germany,England,3,2,1970-06-14,1970,Quarter-finals,Normal Time,,,0.0,H,5,1,1,26643.0
Italy,West Germany,4,3,1970-06-17,1970,Semi-finals,Normal Time,,,0.0,H,7,1,1,38229.0
Brazil,Uruguay,3,1,1970-06-17,1970,Semi-finals,Normal Time,,,0.0,H,4,2,1,84455.0
West Germany,Uruguay,1,0,1970-06-20,1970,Third-place match,Normal Time,,,0.0,H,1,1,0,62010.0
Brazil,Italy,4,1,1970-06-21,1970,Final,Normal Time,,,6.0,H,5,3,1,34812.0
Brazil,Yugoslavia,0,0,1974-06-13,1974,First round,Normal Time,,,0.0,D,0,0,0,38074.0
West Germany,Chile,1,0,1974-06-14,1974,First round,Normal Time,,,0.0,H,1,1,0,38294.0
Germany Dr,Australia,2,0,1974-06-14,1974,First round,Normal Time,,,0.0,H,2,2,0,45573.0
Zaire,Scotland,0,2,1974-06-14,1974,First round,Normal Time,,,0.0,A,2,-2,0,64100.0
Uruguay,Netherlands,0,2,1974-06-15,1974,First round,Normal Time,,,0.0,A,2,-2,0,82174.0
Sweden,Bulgaria,0,0,1974-06-15,1974,First round,Normal Time,,,0.0,D,0,0,0,31593.0
Italy,Haiti,3,1,1974-06-15,1974,First round,Normal Time,,,0.0,H,4,2,1,35370.0
Poland,Argentina,3,2,1974-06-15,1974,First round,Normal Time,,,0.0,H,5,1,1,32664.0
Australia,West Germany,0,3,1974-06-18,1974,First round,Normal Time,,,0.0,A,3,-3,0,62453.0
Yugoslavia,Zaire,9,0,1974-06-18,1974,First round,Normal Time,,,0.0,H,9,9,0,42658.0
Chile,Germany Dr,1,1,1974-06-18,1974,First round,Normal Time,,,0.0,D,2,0,1,23871.0
Scotland,Brazil,0,0,1974-06-18,1974,First round,Normal Time,,,0.0,D,0,0,0,37034.0
Haiti,Poland,0,7,1974-06-19,1974,First round,Normal Time,,,0.0,A,7,-7,0,54331.0
Bulgaria,Uruguay,1,1,1974-06-19,1974,First round,Normal Time,,,0.0,D,2,0,1,83465.0
Netherlands,Sweden,0,0,1974-06-19,1974,First round,Normal Time,,,0.0,D,0,0,0,30620.0
Argentina,Italy,1,1,1974-06-19,1974,First round,Normal Time,,,0.0,D,2,0,1,62869.0
Scotland,Yugoslavia,1,1,1974-06-22,1974,First round,Normal Time,,,0.0,D,2,0,1,30325.0
Australia,Chile,0,0,1974-06-22,1974,First round,Normal Time,,,0.0,D,0,0,0,38833.0
Zaire,Brazil,0,3,1974-06-22,1974,First round,Normal Time,,,0.0,A,3,-3,0,62660.0
Germany Dr,West Germany,1,0,1974-06-22,1974,First round,Normal Time,,,0.0,H,1,1,0,31513.0
Bulgaria,Netherlands,1,4,1974-06-23,1974,First round,Normal Time,,,0.0,A,5,-3,1,55686.0
Poland,Italy,2,1,1974-06-23,1974,First round,Normal Time,,,0.0,H,3,1,1,38646.0
Sweden,Uruguay,3,0,1974-06-23,1974,First round,Normal Time,,,0.0,H,3,3,0,84490.0
Argentina,Haiti,4,1,1974-06-23,1974,First round,Normal Time,,,0.0,H,5,3,1,64100.0
Yugoslavia,West Germany,0,2,1974-06-26,1974,Second round,Normal Time,,,0.0,A,2,-2,0,69000.0
Brazil,Germany Dr,1,0,1974-06-26,1974,Second round,Normal Time,,,0.0,H,1,1,0,52000.0
Sweden,Poland,0,1,1974-06-26,1974,Second round,Normal Time,,,0.0,A,1,-1,0,66000.0
Netherlands,Argentina,4,0,1974-06-26,1974,Second round,Normal Time,,,0.0,H,4,4,0,65000.0
Poland,Yugoslavia,2,1,1974-06-30,1974,Second round,Normal Time,,,0.0,H,3,1,1,52000.0
Argentina,Brazil,1,2,1974-06-30,1974,Second round,Normal Time,,,0.0,A,3,-1,1,48000.0
Germany Dr,Netherlands,0,2,1974-06-30,1974,Second round,Normal Time,,,0.0,A,2,-2,0,72000.0
West Germany,Sweden,4,2,1974-06-30,1974,Second round,Normal Time,,,0.0,H,6,2,1,50000.0
Poland,West Germany,0,1,1974-07-03,1974,Second round,Normal Time,,,0.0,A,1,-1,0,65000.0
Netherlands,Brazil,2,0,1974-07-03,1974,Second round,Normal Time,,,0.0,H,2,2,0,43000.0
Argentina,Germany Dr,1,1,1974-07-03,1974,Second round,Normal Time,,,0.0,D,2,0,1,46000.0
Sweden,Yugoslavia,2,1,1974-07-03,1974,Second round,Normal Time,,,0.0,H,3,1,1,45000.0
Brazil,Poland,0,1,1974-07-06,1974,Third-place match,Normal Time,,,0.0,A,1,-1,0,52000.0
Netherlands,West Germany,1,2,1974-07-07,1974,Final,Normal Time,,,6.0,A,3,-1,1,41000.0
West Germany,Poland,0,0,1978-06-01,1978,First round,Normal Time,,,0.0,D,0,0,0,66000.0
Italy,France,2,1,1978-06-02,1978,First round,Normal Time,,,0.0,H,3,1,1,43000.0
Tunisia,Mexico,3,1,1978-06-02,1978,First round,Normal Time,,,0.0,H,4,2,1,46000.0
Argentina,Hungary,2,1,1978-06-02,1978,First round,Normal Time,,,0.0,H,3,1,1,72000.0
Sweden,Brazil,1,1,1978-06-03,1978,First round,Normal Time,,,0.0,D,2,0,1,45000.0
Austria,Spain,2,1,1978-06-03,1978,First round,Normal Time,,,0.0,H,3,1,1,43000.0
Peru,Scotland,3,1,1978-06-03,1978,First round,Normal Time,,,0.0,H,4,2,1,41000.0
Netherlands,Iran,3,0,1978-06-03,1978,First round,Normal Time,,,0.0,H,3,3,0,50000.0
Italy,Hungary,3,1,1978-06-06,1978,First round,Normal Time,,,0.0,H,4,2,1,65000.0
West Germany,Mexico,6,0,1978-06-06,1978,First round,Normal Time,,,0.0,H,6,6,0,52000.0
Poland,Tunisia,1,0,1978-06-06,1978,First round,Normal Time,,,0.0,H,1,1,0,52000.0
Argentina,France,2,1,1978-06-06,1978,First round,Normal Time,,,0.0,H,3,1,1,38000.0
Austria,Sweden,1,0,1978-06-07,1978,First round,Normal Time,,,0.0,H,1,1,0,66000.0
Brazil,Spain,0,0,1978-06-07,1978,First round,Normal Time,,,0.0,D,0,0,0,48000.0
Netherlands,Peru,0,0,1978-06-07,1978,First round,Normal Time,,,0.0,D,0,0,0,43000.0
Scotland,Iran,1,1,1978-06-07,1978,First round,Normal Time,,,0.0,D,2,0,1,72000.0
France,Hungary,3,1,1978-06-10,1978,First round,Normal Time,,,0.0,H,4,2,1,46000.0
Poland,Mexico,3,1,1978-06-10,1978,First round,Normal Time,,,0.0,H,4,2,1,45000.0
West Germany,Tunisia,0,0,1978-06-10,1978,First round,Normal Time,,,0.0,D,0,0,0,65000.0
Italy,Argentina,1,0,1978-06-10,1978,First round,Normal Time,,,0.0,H,1,1,0,50000.0
Brazil,Austria,1,0,1978-06-11,1978,First round,Normal Time,,,0.0,H,1,1,0,52000.0
Spain,Sweden,1,0,1978-06-11,1978,First round,Normal Time,,,0.0,H,1,1,0,41000.0
Peru,Iran,4,1,1978-06-11,1978,First round,Normal Time,,,0.0,H,5,3,1,66000.0
Scotland,Netherlands,3,2,1978-06-11,1978,First round,Normal Time,,,0.0,H,5,1,1,43000.0
Netherlands,Austria,5,1,1978-06-14,1978,Second round,Normal Time,,,0.0,H,6,4,1,48000.0
West Germany,Italy,0,0,1978-06-14,1978,Second round,Normal Time,,,0.0,D,0,0,0,45000.0
Brazil,Peru,3,0,1978-06-14,1978,Second round,Normal Time,,,0.0,H,3,3,0,46000.0
Argentina,Poland,2,0,1978-06-14,1978,Second round,Normal Time,,,0.0,H,2,2,0,52000.0
Poland,Peru,1,0,1978-06-18,1978,Second round,Normal Time,,,0.0,H,1,1,0,52000.0
West Germany,Netherlands,2,2,1978-06-18,1978,Second round,Normal Time,,,0.0,D,4,0,1,43000.0
Italy,Austria,1,0,1978-06-18,1978,Second round,Normal Time,,,0.0,H,1,1,0,50000.0
Argentina,Brazil,0,0,1978-06-18,1978,Second round,Normal Time,,,0.0,D,0,0,0,41000.0
Netherlands,Italy,2,1,1978-06-21,1978,Second round,Normal Time,,,0.0,H,3,1,1,72000.0
Austria,West Germany,3,2,1978-06-21,1978,Second round,Normal Time,,,0.0,H,5,1,1,43000.0
Brazil,Poland,3,1,1978-06-21,1978,Second round,Normal Time,,,0.0,H,4,2,1,66000.0
Argentina,Peru,6,0,1978-06-21,1978,Second round,Normal Time,,,0.0,H,6,6,0,65000.0
Brazil,Italy,2,1,1978-06-24,1978,Third-place match,Normal Time,,,0.0,H,3,1,1,48000.0
Argentina,Netherlands,3,1,1978-06-25,1978,Final,Normal Time,,,6.0,H,4,2,1,52000.0
Argentina,Belgium,0,1,1982-06-13,1982,First group stage,Normal Time,,,0.0,A,1,-1,0,72000.0
Italy,Poland,0,0,1982-06-14,1982,First group stage,Normal Time,,,0.0,D,0,0,0,46000.0
Brazil,Soviet Union,2,1,1982-06-14,1982,First group stage,Normal Time,,,0.0,H,3,1,1,52000.0
Peru,Cameroon,0,0,1982-06-15,1982,First group stage,Normal Time,,,0.0,D,0,0,0,43000.0
Hungary,El Salvador,10,1,1982-06-15,1982,First group stage,Normal Time,,,0.0,H,11,9,1,37216.0
Scotland,New Zealand,5,2,1982-06-15,1982,First group stage,Normal Time,,,0.0,H,7,3,1,41000.0
England,France,3,1,1982-06-16,1982,First group stage,Normal Time,,,0.0,H,4,2,1,45000.0
West Germany,Algeria,1,2,1982-06-16,1982,First group stage,Normal Time,,,0.0,A,3,-1,1,48000.0
Spain,Honduras,1,1,1982-06-16,1982,First group stage,Normal Time,,,0.0,D,2,0,1,62959.0
Chile,Austria,0,1,1982-06-17,1982,First group stage,Normal Time,,,0.0,A,1,-1,0,49480.0
Czechoslovakia,Kuwait,1,1,1982-06-17,1982,First group stage,Normal Time,,,0.0,D,2,0,1,64950.0
Yugoslavia,Northern Ireland,0,0,1982-06-17,1982,First group stage,Normal Time,,,0.0,D,0,0,0,52000.0
Italy,Peru,1,1,1982-06-18,1982,First group stage,Normal Time,,,0.0,D,2,0,1,69029.0
Brazil,Scotland,4,1,1982-06-18,1982,First group stage,Normal Time,,,0.0,H,5,3,1,63483.0
Argentina,Hungary,4,1,1982-06-18,1982,First group stage,Normal Time,,,0.0,H,5,3,1,61058.0
Poland,Cameroon,0,0,1982-06-19,1982,First group stage,Normal Time,,,0.0,D,0,0,0,65625.0
Soviet Union,New Zealand,3,0,1982-06-19,1982,First group stage,Normal Time,,,0.0,H,3,3,0,42114.0
Belgium,El Salvador,1,0,1982-06-19,1982,First group stage,Normal Time,,,0.0,H,1,1,0,44233.0
West Germany,Chile,4,1,1982-06-20,1982,First group stage,Normal Time,,,0.0,H,5,3,1,47436.0
England,Czechoslovakia,2,0,1982-06-20,1982,First group stage,Normal Time,,,0.0,H,2,2,0,37337.0
Spain,Yugoslavia,2,1,1982-06-20,1982,First group stage,Normal Time,,,0.0,H,3,1,1,45666.0
Algeria,Austria,0,2,1982-06-21,1982,First group stage,Normal Time,,,0.0,A,2,-2,0,38588.0
France,Kuwait,4,1,1982-06-21,1982,First group stage,Normal Time,,,0.0,H,5,3,1,36380.0
Honduras,Northern Ireland,1,1,1982-06-21,1982,First group stage,Normal Time,,,0.0,D,2,0,1,40440.0
Poland,Peru,5,1,1982-06-22,1982,First group stage,Normal Time,,,0.0,H,6,4,1,39747.0
Belgium,Hungary,1,1,1982-06-22,1982,First group stage,Normal Time,,,0.0,D,2,0,1,38926.0
Soviet Union,Scotland,2,2,1982-06-22,1982,First group stage,Normal Time,,,0.0,D,4,0,1,25176.0
Italy,Cameroon,1,1,1982-06-23,1982,First group stage,Normal Time,,,0.0,D,2,0,1,40582.0
Argentina,El Salvador,2,0,1982-06-23,1982,First group stage,Normal Time,,,0.0,H,2,2,0,45213.0
Brazil,New Zealand,4,0,1982-06-23,1982,First group stage,Normal Time,,,0.0,H,4,4,0,46640.0
France,Czechoslovakia,1,1,1982-06-24,1982,First group stage,Normal Time,,,0.0,D,2,0,1,50239.0
Algeria,Chile,3,2,1982-06-24,1982,First group stage,Normal Time,,,0.0,H,5,1,1,26482.0
Honduras,Yugoslavia,0,1,1982-06-24,1982,First group stage,Normal Time,,,0.0,A,1,-1,0,38524.0
England,Kuwait,1,0,1982-06-25,1982,First group stage,Normal Time,,,0.0,H,1,1,0,43605.0
West Germany,Austria,1,0,1982-06-25,1982,First group stage,Normal Time,,,0.0,H,1,1,0,39291.0
Northern Ireland,Spain,1,0,1982-06-25,1982,First group stage,Normal Time,,,0.0,H,1,1,0,65862.0
Austria,France,0,1,1982-06-28,1982,Second group stage,Normal Time,,,0.0,A,1,-1,0,45777.0
Poland,Belgium,3,0,1982-06-28,1982,Second group stage,Normal Time,,,0.0,H,3,3,0,44864.0
Italy,Argentina,2,1,1982-06-29,1982,Second group stage,Normal Time,,,0.0,H,3,1,1,31024.0
West Germany,England,0,0,1982-06-29,1982,Second group stage,Normal Time,,,0.0,D,0,0,0,30176.0
Austria,Northern Ireland,2,2,1982-07-01,1982,Second group stage,Normal Time,,,0.0,D,4,0,1,48100.0
Belgium,Soviet Union,0,1,1982-07-01,1982,Second group stage,Normal Time,,,0.0,A,1,-1,0,33681.0
Argentina,Brazil,1,3,1982-07-02,1982,Second group stage,Normal Time,,,0.0,A,4,-2,1,65320.0
West Germany,Spain,2,1,1982-07-02,1982,Second group stage,Normal Time,,,0.0,H,3,1,1,47085.0
France,Northern Ireland,4,1,1982-07-04,1982,Second group stage,Normal Time,,,0.0,H,5,3,1,60778.0
Poland,Soviet Union,0,0,1982-07-04,1982,Second group stage,Normal Time,,,0.0,D,0,0,0,39700.0
Italy,Brazil,3,2,1982-07-05,1982,Second group stage,Normal Time,,,0.0,H,5,1,1,31000.0
Spain,England,0,0,1982-07-05,1982,Second group stage,Normal Time,,,0.0,D,0,0,0,45610.0
Poland,Italy,0,2,1982-07-08,1982,Semi-finals,Normal Time,,,0.0,A,2,-2,0,42299.0
West Germany,France,3,3,1982-07-08,1982,Semi-finals,Normal Time,5.0,4.0,0.0,D,6,0,1,66108.0
Poland,France,3,2,1982-07-10,1982,Third-place match,Normal Time,,,0.0,H,5,1,1,47226.0
Italy,West Germany,3,1,1982-07-11,1982,Final,Normal Time,,,6.0,H,4,2,1,36472.0
Bulgaria,Italy,1,1,1986-05-31,1986,Group stage,Normal Time,,,0.0,D,2,0,1,36750.0
Spain,Brazil,0,1,1986-06-01,1986,Group stage,Normal Time,,,0.0,A,1,-1,0,36194.0
Canada,France,0,1,1986-06-01,1986,Group stage,Normal Time,,,0.0,A,1,-1,0,24000.0
Soviet Union,Hungary,6,0,1986-06-02,1986,Group stage,Normal Time,,,0.0,H,6,6,0,35927.0
Argentina,Korea Republic,3,1,1986-06-02,1986,Group stage,Normal Time,,,0.0,H,4,2,1,43500.0
Morocco,Poland,0,0,1986-06-02,1986,Group stage,Normal Time,,,0.0,D,0,0,0,52328.0
Belgium,Mexico,1,2,1986-06-03,1986,Group stage,Normal Time,,,0.0,A,3,-1,1,38070.0
Algeria,Northern Ireland,1,1,1986-06-03,1986,Group stage,Normal Time,,,0.0,D,2,0,1,30957.0
Portugal,England,1,0,1986-06-03,1986,Group stage,Normal Time,,,0.0,H,1,1,0,37306.0
Paraguay,Iraq,1,0,1986-06-04,1986,Group stage,Normal Time,,,0.0,H,1,1,0,35854.0
Uruguay,West Germany,1,1,1986-06-04,1986,Group stage,Normal Time,,,0.0,D,2,0,1,27217.0
Scotland,Denmark,0,1,1986-06-04,1986,Group stage,Normal Time,,,0.0,A,1,-1,0,55256.0
Italy,Argentina,1,1,1986-06-05,1986,Group stage,Normal Time,,,0.0,D,2,0,1,48760.0
France,Soviet Union,1,1,1986-06-05,1986,Group stage,Normal Time,,,0.0,D,2,0,1,32239.0
Korea Republic,Bulgaria,1,1,1986-06-05,1986,Group stage,Normal Time,,,0.0,D,2,0,1,33842.0
Brazil,Algeria,1,0,1986-06-06,1986,Group stage,Normal Time,,,0.0,H,1,1,0,31081.0
Hungary,Canada,2,0,1986-06-06,1986,Group stage,Normal Time,,,0.0,H,2,2,0,34050.0
England,Morocco,0,0,1986-06-06,1986,Group stage,Normal Time,,,0.0,D,0,0,0,25186.0
Mexico,Paraguay,1,1,1986-06-07,1986,Group stage,Normal Time,,,0.0,D,2,0,1,52721.0
Northern Ireland,Spain,1,2,1986-06-07,1986,Group stage,Normal Time,,,0.0,A,3,-1,1,28588.0
Poland,Portugal,1,0,1986-06-07,1986,Group stage,Normal Time,,,0.0,H,1,1,0,33679.0
West Germany,Scotland,2,1,1986-06-08,1986,Group stage,Normal Time,,,0.0,H,3,1,1,30157.0
Iraq,Belgium,1,2,1986-06-08,1986,Group stage,Normal Time,,,0.0,A,3,-1,1,32218.0
Denmark,Uruguay,6,1,1986-06-08,1986,Group stage,Normal Time,,,0.0,H,7,5,1,62561.0
Soviet Union,Canada,2,0,1986-06-09,1986,Group stage,Normal Time,,,0.0,H,2,2,0,80000.0
Hungary,France,0,3,1986-06-09,1986,Group stage,Normal Time,,,0.0,A,3,-3,0,44000.0
Argentina,Bulgaria,2,0,1986-06-10,1986,Group stage,Normal Time,,,0.0,H,2,2,0,80000.0
Korea Republic,Italy,2,3,1986-06-10,1986,Group stage,Normal Time,,,0.0,A,5,-1,1,60000.0
Paraguay,Belgium,2,2,1986-06-11,1986,Group stage,Normal Time,,,0.0,D,4,0,1,60000.0
Iraq,Mexico,0,1,1986-06-11,1986,Group stage,Normal Time,,,0.0,A,1,-1,0,43300.0
England,Poland,3,0,1986-06-11,1986,Group stage,Normal Time,,,0.0,H,3,3,0,80000.0
Portugal,Morocco,1,3,1986-06-11,1986,Group stage,Normal Time,,,0.0,A,4,-2,1,49500.0
Algeria,Spain,0,3,1986-06-12,1986,Group stage,Normal Time,,,0.0,A,3,-3,0,31800.0
Northern Ireland,Brazil,0,3,1986-06-12,1986,Group stage,Normal Time,,,0.0,A,3,-3,0,30600.0
Scotland,Uruguay,0,0,1986-06-13,1986,Group stage,Normal Time,,,0.0,D,0,0,0,29800.0
Denmark,West Germany,2,0,1986-06-13,1986,Group stage,Normal Time,,,0.0,H,2,2,0,33000.0
Mexico,Bulgaria,2,0,1986-06-15,1986,Round of 16,Normal Time,,,2.0,H,2,2,0,31800.0
Soviet Union,Belgium,3,4,1986-06-15,1986,Round of 16,Normal Time,,,2.0,A,7,-1,1,77000.0
Brazil,Poland,4,0,1986-06-16,1986,Round of 16,Normal Time,,,2.0,H,4,4,0,55000.0
Argentina,Uruguay,1,0,1986-06-16,1986,Round of 16,Normal Time,,,2.0,H,1,1,0,45500.0
Italy,France,0,2,1986-06-17,1986,Round of 16,Normal Time,,,2.0,A,2,-2,0,31800.0
Morocco,West Germany,0,1,1986-06-17,1986,Round of 16,Normal Time,,,2.0,A,1,-1,0,39100.0
England,Paraguay,3,0,1986-06-18,1986,Round of 16,Normal Time,,,2.0,H,3,3,0,80000.0
Denmark,Spain,1,5,1986-06-18,1986,Round of 16,Normal Time,,,2.0,A,6,-4,1,42000.0
Brazil,France,1,1,1986-06-21,1986,Quarter-finals,Normal Time,3.0,4.0,0.0,D,2,0,1,30600.0
West Germany,Mexico,0,0,1986-06-21,1986,Quarter-finals,Normal Time,4.0,1.0,0.0,D,0,0,0,45500.0
Argentina,England,2,1,1986-06-22,1986,Quarter-finals,Normal Time,,,0.0,H,3,1,1,38500.0
Spain,Belgium,1,1,1986-06-22,1986,Quarter-finals,Normal Time,4.0,5.0,0.0,D,2,0,1,35500.0
France,West Germany,0,2,1986-06-25,1986,Semi-finals,Normal Time,,,0.0,A,2,-2,0,31800.0
Argentina,Belgium,2,0,1986-06-25,1986,Semi-finals,Normal Time,,,0.0,H,2,2,0,39100.0
France,Belgium,4,2,1986-06-28,1986,Third-place match,Normal Time,,,0.0,H,6,2,1,41275.0
Argentina,West Germany,3,2,1986-06-29,1986,Final,Normal Time,,,6.0,H,5,1,1,33400.0
Argentina,Cameroon,0,1,1990-06-08,1990,Group stage,Normal Time,,,0.0,A,1,-1,0,80000.0
United Arab Emirates,Colombia,0,2,1990-06-09,1990,Group stage,Normal Time,,,0.0,A,2,-2,0,39500.0
Soviet Union,Romania,0,2,1990-06-09,1990,Group stage,Normal Time,,,0.0,A,2,-2,0,57000.0
Italy,Austria,1,0,1990-06-09,1990,Group stage,Normal Time,,,0.0,H,1,1,0,36000.0
United States,Czechoslovakia,1,5,1990-06-10,1990,Group stage,Normal Time,,,0.0,A,6,-4,1,35500.0
West Germany,Yugoslavia,4,1,1990-06-10,1990,Group stage,Normal Time,,,0.0,H,5,3,1,33140.0
Brazil,Sweden,2,1,1990-06-10,1990,Group stage,Normal Time,,,0.0,H,3,1,1,41275.0
Costa Rica,Scotland,1,0,1990-06-11,1990,Group stage,Normal Time,,,0.0,H,1,1,0,45500.0
England,Republic of Ireland,1,1,1990-06-11,1990,Group stage,Normal Time,,,0.0,D,2,0,1,43300.0
Belgium,Korea Republic,2,0,1990-06-12,1990,Group stage,Normal Time,,,0.0,H,2,2,0,35500.0
Netherlands,Egypt,1,1,1990-06-12,1990,Group stage,Normal Time,,,0.0,D,2,0,1,31800.0
Uruguay,Spain,0,0,1990-06-13,1990,Group stage,Normal Time,,,0.0,D,0,0,0,55000.0
Argentina,Soviet Union,2,0,1990-06-13,1990,Group stage,Normal Time,,,0.0,H,2,2,0,48000.0
Yugoslavia,Colombia,1,0,1990-06-14,1990,Group stage,Normal Time,,,0.0,H,1,1,0,36000.0
Cameroon,Romania,2,1,1990-06-14,1990,Group stage,Normal Time,,,0.0,H,3,1,1,33500.0
Italy,United States,1,0,1990-06-14,1990,Group stage,Normal Time,,,0.0,H,1,1,0,80000.0
Austria,Czechoslovakia,0,1,1990-06-15,1990,Group stage,Normal Time,,,0.0,A,1,-1,0,36000.0
West Germany,United Arab Emirates,5,1,1990-06-15,1990,Group stage,Normal Time,,,0.0,H,6,4,1,35500.0
Brazil,Costa Rica,1,0,1990-06-16,1990,Group stage,Normal Time,,,0.0,H,1,1,0,31800.0
England,Netherlands,0,0,1990-06-16,1990,Group stage,Normal Time,,,0.0,D,0,0,0,38500.0
Sweden,Scotland,1,2,1990-06-16,1990,Group stage,Normal Time,,,0.0,A,3,-1,1,54587.0
Republic of Ireland,Egypt,0,0,1990-06-17,1990,Group stage,Normal Time,,,0.0,D,0,0,0,43300.0
Belgium,Uruguay,3,1,1990-06-17,1990,Group stage,Normal Time,,,0.0,H,4,2,1,49000.0
Korea Republic,Spain,1,3,1990-06-17,1990,Group stage,Normal Time,,,0.0,A,4,-2,1,33500.0
Argentina,Romania,1,1,1990-06-18,1990,Group stage,Normal Time,,,0.0,D,2,0,1,36000.0
Cameroon,Soviet Union,0,4,1990-06-18,1990,Group stage,Normal Time,,,0.0,A,4,-4,0,38100.0
West Germany,Colombia,1,1,1990-06-19,1990,Group stage,Normal Time,,,0.0,D,2,0,1,38000.0
Yugoslavia,United Arab Emirates,4,1,1990-06-19,1990,Group stage,Normal Time,,,0.0,H,5,3,1,39100.0
Austria,United States,2,1,1990-06-19,1990,Group stage,Normal Time,,,0.0,H,3,1,1,77000.0
Italy,Czechoslovakia,2,0,1990-06-19,1990,Group stage,Normal Time,,,0.0,H,2,2,0,27650.0
Sweden,Costa Rica,1,2,1990-06-20,1990,Group stage,Normal Time,,,0.0,A,3,-1,1,38100.0
Brazil,Scotland,1,0,1990-06-20,1990,Group stage,Normal Time,,,0.0,H,1,1,0,55000.0
Belgium,Spain,1,2,1990-06-21,1990,Group stage,Normal Time,,,0.0,A,3,-1,1,35200.0
Korea Republic,Uruguay,0,1,1990-06-21,1990,Group stage,Normal Time,,,0.0,A,1,-1,0,36500.0
Republic of Ireland,Netherlands,1,1,1990-06-21,1990,Group stage,Normal Time,,,0.0,D,2,0,1,80000.0
England,Egypt,1,0,1990-06-21,1990,Group stage,Normal Time,,,0.0,H,1,1,0,29750.0
Cameroon,Colombia,2,1,1990-06-23,1990,Round of 16,Normal Time,,,2.0,H,3,1,1,94194.0
Czechoslovakia,Costa Rica,4,1,1990-06-23,1990,Round of 16,Normal Time,,,2.0,H,5,3,1,91500.0
Brazil,Argentina,0,1,1990-06-24,1990,Round of 16,Normal Time,,,2.0,A,1,-1,0,74110.0
West Germany,Netherlands,2,1,1990-06-24,1990,Round of 16,Normal Time,,,2.0,H,3,1,1,91856.0
Republic of Ireland,Romania,0,0,1990-06-25,1990,Round of 16,Normal Time,5.0,4.0,2.0,D,0,0,0,72000.0
Italy,Uruguay,2,0,1990-06-25,1990,Round of 16,Normal Time,,,2.0,H,2,2,0,83500.0
Spain,Yugoslavia,1,2,1990-06-26,1990,Round of 16,Normal Time,,,2.0,A,3,-1,1,53400.0
England,Belgium,1,0,1990-06-26,1990,Round of 16,Normal Time,,,2.0,H,1,1,0,63500.0
Yugoslavia,Argentina,0,0,1990-06-30,1990,Quarter-finals,Normal Time,2.0,3.0,0.0,D,0,0,0,54367.0
Italy,Republic of Ireland,1,0,1990-06-30,1990,Quarter-finals,Normal Time,,,0.0,H,1,1,0,71030.0
West Germany,Czechoslovakia,1,0,1990-07-01,1990,Quarter-finals,Normal Time,,,0.0,H,1,1,0,61355.0
England,Cameroon,3,2,1990-07-01,1990,Quarter-finals,Normal Time,,,0.0,H,5,1,1,84147.0
Italy,Argentina,1,1,1990-07-03,1990,Semi-finals,Normal Time,3.0,4.0,0.0,D,2,0,1,60277.0
West Germany,England,1,1,1990-07-04,1990,Semi-finals,Normal Time,4.0,3.0,0.0,D,2,0,1,90469.0
Italy,England,2,1,1990-07-07,1990,Third-place match,Normal Time,,,0.0,H,3,1,1,60246.0
West Germany,Argentina,1,0,1990-07-08,1990,Final,Normal Time,,,6.0,H,1,1,0,53121.0
Germany,Bolivia,1,0,1994-06-17,1994,Group stage,Normal Time,,,0.0,H,1,1,0,53001.0
Spain,Korea Republic,2,2,1994-06-17,1994,Group stage,Normal Time,,,0.0,D,4,0,1,63998.0
United States,Switzerland,1,1,1994-06-18,1994,Group stage,Normal Time,,,0.0,D,2,0,1,60578.0
Italy,Republic of Ireland,0,1,1994-06-18,1994,Group stage,Normal Time,,,0.0,A,1,-1,0,52959.0
Colombia,Romania,1,3,1994-06-18,1994,Group stage,Normal Time,,,0.0,A,4,-2,1,52535.0
Belgium,Morocco,1,0,1994-06-19,1994,Group stage,Normal Time,,,0.0,H,1,1,0,72404.0
Norway,Mexico,1,0,1994-06-19,1994,Group stage,Normal Time,,,0.0,H,1,1,0,74914.0
Cameroon,Sweden,2,2,1994-06-19,1994,Group stage,Normal Time,,,0.0,D,4,0,1,77217.0
Brazil,Russia,2,0,1994-06-20,1994,Group stage,Normal Time,,,0.0,H,2,2,0,63998.0
Netherlands,Saudi Arabia,2,1,1994-06-20,1994,Group stage,Normal Time,,,0.0,H,3,1,1,63089.0
Argentina,Greece,4,0,1994-06-21,1994,Group stage,Normal Time,,,0.0,H,4,4,0,63160.0
Germany,Spain,1,1,1994-06-21,1994,Group stage,Normal Time,,,0.0,D,2,0,1,93869.0
Nigeria,Bulgaria,3,0,1994-06-21,1994,Group stage,Normal Time,,,0.0,H,3,3,0,83401.0
Romania,Switzerland,1,4,1994-06-22,1994,Group stage,Normal Time,,,0.0,A,5,-3,1,62387.0
United States,Colombia,2,1,1994-06-22,1994,Group stage,Normal Time,,,0.0,H,3,1,1,76322.0
Italy,Norway,1,0,1994-06-23,1994,Group stage,Normal Time,,,0.0,H,1,1,0,54453.0
Korea Republic,Bolivia,0,0,1994-06-23,1994,Group stage,Normal Time,,,0.0,D,0,0,0,60790.0
Mexico,Republic of Ireland,2,1,1994-06-24,1994,Group stage,Normal Time,,,0.0,H,3,1,1,83401.0
Brazil,Cameroon,3,0,1994-06-24,1994,Group stage,Normal Time,,,0.0,H,3,3,0,71528.0
Sweden,Russia,3,1,1994-06-24,1994,Group stage,Normal Time,,,0.0,H,4,2,1,74624.0
Belgium,Netherlands,1,0,1994-06-25,1994,Group stage,Normal Time,,,0.0,H,1,1,0,54453.0
Saudi Arabia,Morocco,2,1,1994-06-25,1994,Group stage,Normal Time,,,0.0,H,3,1,1,61428.0
Argentina,Nigeria,2,1,1994-06-25,1994,Group stage,Normal Time,,,0.0,H,3,1,1,93869.0
Bulgaria,Greece,4,0,1994-06-26,1994,Group stage,Normal Time,,,0.0,H,4,4,0,54456.0
United States,Romania,0,1,1994-06-26,1994,Group stage,Normal Time,,,0.0,A,1,-1,0,63113.0
Switzerland,Colombia,0,2,1994-06-26,1994,Group stage,Normal Time,,,0.0,A,2,-2,0,44132.0
Germany,Korea Republic,3,2,1994-06-27,1994,Group stage,Normal Time,,,0.0,H,5,1,1,81061.0
Bolivia,Spain,1,3,1994-06-27,1994,Group stage,Normal Time,,,0.0,A,4,-2,1,50535.0
Italy,Mexico,1,1,1994-06-28,1994,Group stage,Normal Time,,,0.0,D,2,0,1,61219.0
Republic of Ireland,Norway,0,0,1994-06-28,1994,Group stage,Normal Time,,,0.0,D,0,0,0,52395.0
Russia,Cameroon,6,1,1994-06-28,1994,Group stage,Normal Time,,,0.0,H,7,5,1,93194.0
Brazil,Sweden,1,1,1994-06-28,1994,Group stage,Normal Time,,,0.0,D,2,0,1,73425.0
Morocco,Netherlands,1,2,1994-06-29,1994,Group stage,Normal Time,,,0.0,A,3,-1,1,75338.0
Belgium,Saudi Arabia,0,1,1994-06-29,1994,Group stage,Normal Time,,,0.0,A,1,-1,0,91856.0
Greece,Nigeria,0,2,1994-06-30,1994,Group stage,Normal Time,,,0.0,A,2,-2,0,63117.0
Argentina,Bulgaria,0,2,1994-06-30,1994,Group stage,Normal Time,,,0.0,A,2,-2,0,56247.0
Germany,Belgium,3,2,1994-07-02,1994,Round of 16,Normal Time,,,2.0,H,5,1,1,73603.0
Spain,Switzerland,3,0,1994-07-02,1994,Round of 16,Normal Time,,,2.0,H,3,3,0,51426.0
Saudi Arabia,Sweden,1,3,1994-07-03,1994,Round of 16,Normal Time,,,2.0,A,4,-2,1,62628.0
Romania,Argentina,3,2,1994-07-03,1994,Round of 16,Normal Time,,,2.0,H,5,1,1,59978.0
Netherlands,Republic of Ireland,2,0,1994-07-04,1994,Round of 16,Normal Time,,,2.0,H,2,2,0,73347.0
Brazil,United States,1,0,1994-07-04,1994,Round of 16,Normal Time,,,2.0,H,1,1,0,55205.0
Nigeria,Italy,1,2,1994-07-05,1994,Round of 16,Normal Time,,,2.0,A,3,-1,1,38971.0
Mexico,Bulgaria,1,1,1994-07-05,1994,Round of 16,Normal Time,1.0,3.0,2.0,D,2,0,1,73303.0
Italy,Spain,2,1,1994-07-09,1994,Quarter-finals,Normal Time,,,0.0,H,3,1,1,35500.0
Netherlands,Brazil,2,3,1994-07-09,1994,Quarter-finals,Normal Time,,,0.0,A,5,-1,1,34520.0
Bulgaria,Germany,2,1,1994-07-10,1994,Quarter-finals,Normal Time,,,0.0,H,3,1,1,31818.0
Romania,Sweden,2,2,1994-07-10,1994,Quarter-finals,Normal Time,4.0,5.0,0.0,D,4,0,1,73303.0
Bulgaria,Italy,1,2,1994-07-13,1994,Semi-finals,Normal Time,,,0.0,A,3,-1,1,61381.0
Sweden,Brazil,0,1,1994-07-13,1994,Semi-finals,Normal Time,,,0.0,A,1,-1,0,74559.0
Sweden,Bulgaria,4,0,1994-07-16,1994,Third-place match,Normal Time,,,0.0,H,4,4,0,50026.0
Brazil,Italy,0,0,1994-07-17,1994,Final,Normal Time,3.0,2.0,6.0,D,0,0,0,47673.0
Brazil,Scotland,2,1,1998-06-10,1998,Group stage,Normal Time,,,0.0,H,3,1,1,35950.0
Morocco,Norway,2,2,1998-06-10,1998,Group stage,Normal Time,,,0.0,D,4,0,1,29039.0
Italy,Chile,2,2,1998-06-11,1998,Group stage,Normal Time,,,0.0,D,4,0,1,33288.0
Cameroon,Austria,1,1,1998-06-11,1998,Group stage,Normal Time,,,0.0,D,2,0,1,34959.0
Paraguay,Bulgaria,0,0,1998-06-12,1998,Group stage,Normal Time,,,0.0,D,0,0,0,30223.0
Saudi Arabia,Denmark,0,1,1998-06-12,1998,Group stage,Normal Time,,,0.0,A,1,-1,0,62502.0
France,South Africa,3,0,1998-06-12,1998,Group stage,Normal Time,,,0.0,H,3,3,0,72510.0
Spain,Nigeria,2,3,1998-06-13,1998,Group stage,Normal Time,,,0.0,A,5,-1,1,27833.0
Korea Republic,Mexico,1,3,1998-06-13,1998,Group stage,Normal Time,,,0.0,A,4,-2,1,34857.0
Netherlands,Belgium,0,0,1998-06-13,1998,Group stage,Normal Time,,,0.0,D,0,0,0,73303.0
Argentina,Japan,1,0,1998-06-14,1998,Group stage,Normal Time,,,0.0,H,1,1,0,52733.0
Fr Yugoslavia,Iran,1,0,1998-06-14,1998,Group stage,Normal Time,,,0.0,H,1,1,0,37307.0
Jamaica,Croatia,1,3,1998-06-14,1998,Group stage,Normal Time,,,0.0,A,4,-2,1,33288.0
England,Tunisia,2,0,1998-06-15,1998,Group stage,Normal Time,,,0.0,H,2,2,0,33759.0
Romania,Colombia,1,0,1998-06-15,1998,Group stage,Normal Time,,,0.0,H,1,1,0,32733.0
Germany,United States,2,0,1998-06-15,1998,Group stage,Normal Time,,,0.0,H,2,2,0,58007.0
Scotland,Norway,1,1,1998-06-16,1998,Group stage,Normal Time,,,0.0,D,2,0,1,35267.0
Brazil,Morocco,3,0,1998-06-16,1998,Group stage,Normal Time,,,0.0,H,3,3,0,31823.0
Chile,Austria,1,1,1998-06-17,1998,Group stage,Normal Time,,,0.0,D,2,0,1,38962.0
Italy,Cameroon,3,0,1998-06-17,1998,Group stage,Normal Time,,,0.0,H,3,3,0,71169.0
South Africa,Denmark,1,1,1998-06-18,1998,Group stage,Normal Time,,,0.0,D,2,0,1,32257.0
France,Saudi Arabia,4,0,1998-06-18,1998,Group stage,Normal Time,,,0.0,H,4,4,0,38687.0
Nigeria,Bulgaria,1,0,1998-06-19,1998,Group stage,Normal Time,,,0.0,H,1,1,0,73423.0
Spain,Paraguay,0,0,1998-06-19,1998,Group stage,Normal Time,,,0.0,D,0,0,0,35713.0
Japan,Croatia,0,1,1998-06-20,1998,Group stage,Normal Time,,,0.0,A,1,-1,0,55759.0
Belgium,Mexico,2,2,1998-06-20,1998,Group stage,Normal Time,,,0.0,D,4,0,1,32790.0
Netherlands,Korea Republic,5,0,1998-06-20,1998,Group stage,Normal Time,,,0.0,H,5,5,0,33288.0
Germany,Fr Yugoslavia,2,2,1998-06-21,1998,Group stage,Normal Time,,,0.0,D,4,0,1,30867.0
Argentina,Jamaica,5,0,1998-06-21,1998,Group stage,Normal Time,,,0.0,H,5,5,0,35238.0
United States,Iran,1,2,1998-06-21,1998,Group stage,Normal Time,,,0.0,A,3,-1,1,33266.0
Colombia,Tunisia,1,0,1998-06-22,1998,Group stage,Normal Time,,,0.0,H,1,1,0,74765.0
Romania,England,2,1,1998-06-22,1998,Group stage,Normal Time,,,0.0,H,3,1,1,62628.0
Italy,Austria,2,1,1998-06-23,1998,Group stage,Normal Time,,,0.0,H,3,1,1,30791.0
Chile,Cameroon,1,1,1998-06-23,1998,Group stage,Normal Time,,,0.0,D,2,0,1,42907.0
Brazil,Norway,1,2,1998-06-23,1998,Group stage,Normal Time,,,0.0,A,3,-1,1,73303.0
Scotland,Morocco,0,3,1998-06-23,1998,Group stage,Normal Time,,,0.0,A,3,-3,0,73780.0
South Africa,Saudi Arabia,2,2,1998-06-24,1998,Group stage,Normal Time,,,0.0,D,4,0,1,114600.0
France,Denmark,2,1,1998-06-24,1998,Group stage,Normal Time,,,0.0,H,3,1,1,21000.0
Spain,Bulgaria,6,1,1998-06-24,1998,Group stage,Normal Time,,,0.0,H,7,5,1,45000.0
Nigeria,Paraguay,1,3,1998-06-24,1998,Group stage,Normal Time,,,0.0,A,4,-2,1,114500.0
Netherlands,Mexico,2,2,1998-06-25,1998,Group stage,Normal Time,,,0.0,D,4,0,1,114580.0
Belgium,Korea Republic,1,1,1998-06-25,1998,Group stage,Normal Time,,,0.0,D,2,0,1,45000.0
United States,Fr Yugoslavia,0,1,1998-06-25,1998,Group stage,Normal Time,,,0.0,A,1,-1,0,65000.0
Germany,Iran,2,0,1998-06-25,1998,Group stage,Normal Time,,,0.0,H,2,2,0,41700.0
Argentina,Croatia,1,0,1998-06-26,1998,Group stage,Normal Time,,,0.0,H,1,1,0,98728.0
Japan,Jamaica,1,2,1998-06-26,1998,Group stage,Normal Time,,,0.0,A,3,-1,1,38500.0
Romania,Tunisia,1,1,1998-06-26,1998,Group stage,Normal Time,,,0.0,D,2,0,1,70000.0
Colombia,England,0,2,1998-06-26,1998,Group stage,Normal Time,,,0.0,A,2,-2,0,19800.0
Italy,Norway,1,0,1998-06-27,1998,Round of 16,Normal Time,,,2.0,H,1,1,0,45000.0
Brazil,Chile,4,1,1998-06-27,1998,Round of 16,Normal Time,,,2.0,H,5,3,1,26000.0
France,Paraguay,1,0,1998-06-28,1998,Round of 16,Normal Time,,,2.0,H,1,1,0,114580.0
Nigeria,Denmark,1,4,1998-06-28,1998,Round of 16,Normal Time,,,2.0,A,5,-3,1,32277.0
Germany,Mexico,2,1,1998-06-29,1998,Round of 16,Normal Time,,,2.0,H,3,1,1,20000.0
Netherlands,Fr Yugoslavia,2,1,1998-06-29,1998,Round of 16,Normal Time,,,2.0,H,3,1,1,36000.0
Romania,Croatia,0,1,1998-06-30,1998,Round of 16,Normal Time,,,2.0,A,1,-1,0,23980.0
Argentina,England,2,2,1998-06-30,1998,Round of 16,Normal Time,4.0,3.0,2.0,D,4,0,1,51000.0
Italy,France,0,0,1998-07-03,1998,Quarter-finals,Normal Time,3.0,4.0,0.0,D,0,0,0,16000.0
Brazil,Denmark,3,2,1998-07-03,1998,Quarter-finals,Normal Time,,,0.0,H,5,1,1,103763.0
Netherlands,Argentina,2,1,1998-07-04,1998,Quarter-finals,Normal Time,,,0.0,H,3,1,1,22700.0
Germany,Croatia,0,3,1998-07-04,1998,Quarter-finals,Normal Time,,,0.0,A,3,-3,0,28000.0
Brazil,Netherlands,1,1,1998-07-07,1998,Semi-finals,Normal Time,4.0,2.0,0.0,D,2,0,1,65000.0
France,Croatia,2,1,1998-07-08,1998,Semi-finals,Normal Time,,,0.0,H,3,1,1,20000.0
Netherlands,Croatia,1,2,1998-07-11,1998,Third-place match,Normal Time,,,0.0,A,3,-1,1,14200.0
Brazil,France,0,3,1998-07-12,1998,Final,Normal Time,,,6.0,A,3,-3,0,31420.0
France,Senegal,0,1,2002-05-31,2002,Group stage,Normal Time,,,0.0,A,1,-1,0,30000.0
Republic of Ireland,Cameroon,1,1,2002-06-01,2002,Group stage,Normal Time,,,0.0,D,2,0,1,20000.0
Uruguay,Denmark,1,2,2002-06-01,2002,Group stage,Normal Time,,,0.0,A,3,-1,1,26500.0
Germany,Saudi Arabia,8,0,2002-06-01,2002,Group stage,Normal Time,,,0.0,H,8,8,0,114600.0
Argentina,Nigeria,1,0,2002-06-02,2002,Group stage,Normal Time,,,0.0,H,1,1,0,28000.0
Paraguay,South Africa,2,2,2002-06-02,2002,Group stage,Normal Time,,,0.0,D,4,0,1,19915.0
England,Sweden,1,1,2002-06-02,2002,Group stage,Normal Time,,,0.0,D,2,0,1,48000.0
Spain,Slovenia,3,1,2002-06-02,2002,Group stage,Normal Time,,,0.0,H,4,2,1,13800.0
Croatia,Mexico,0,1,2002-06-03,2002,Group stage,Normal Time,,,0.0,A,1,-1,0,20200.0
Brazil,Turkey,2,1,2002-06-03,2002,Group stage,Normal Time,,,0.0,H,3,1,1,32000.0
Italy,Ecuador,2,0,2002-06-03,2002,Group stage,Normal Time,,,0.0,H,2,2,0,36540.0
China,Costa Rica,0,2,2002-06-04,2002,Group stage,Normal Time,,,0.0,A,2,-2,0,45000.0
Japan,Belgium,2,2,2002-06-04,2002,Group stage,Normal Time,,,0.0,D,4,0,1,24000.0
Korea Republic,Poland,2,0,2002-06-04,2002,Group stage,Normal Time,,,0.0,H,2,2,0,30500.0
Russia,Tunisia,2,0,2002-06-05,2002,Group stage,Normal Time,,,0.0,H,2,2,0,18000.0
United States,Portugal,3,2,2002-06-05,2002,Group stage,Normal Time,,,0.0,H,5,1,1,110000.0
Germany,Republic of Ireland,1,1,2002-06-05,2002,Group stage,Normal Time,,,0.0,D,2,0,1,22000.0
Denmark,Senegal,1,1,2002-06-06,2002,Group stage,Normal Time,,,0.0,D,2,0,1,23000.0
Cameroon,Saudi Arabia,1,0,2002-06-06,2002,Group stage,Normal Time,,,0.0,H,1,1,0,16500.0
France,Uruguay,0,0,2002-06-06,2002,Group stage,Normal Time,,,0.0,D,0,0,0,60000.0
Sweden,Nigeria,2,1,2002-06-07,2002,Group stage,Normal Time,,,0.0,H,3,1,1,19900.0
Spain,Paraguay,3,1,2002-06-07,2002,Group stage,Normal Time,,,0.0,H,4,2,1,35748.0
Argentina,England,0,1,2002-06-07,2002,Group stage,Normal Time,,,0.0,A,1,-1,0,65500.0
South Africa,Slovenia,1,0,2002-06-08,2002,Group stage,Normal Time,,,0.0,H,1,1,0,96000.0
Italy,Croatia,1,2,2002-06-08,2002,Group stage,Normal Time,,,0.0,A,3,-1,1,90000.0
Brazil,China,4,0,2002-06-08,2002,Group stage,Normal Time,,,0.0,H,4,4,0,28000.0
Mexico,Ecuador,2,1,2002-06-09,2002,Group stage,Normal Time,,,0.0,H,3,1,1,50000.0
Costa Rica,Turkey,1,1,2002-06-09,2002,Group stage,Normal Time,,,0.0,D,2,0,1,70000.0
Japan,Russia,1,0,2002-06-09,2002,Group stage,Normal Time,,,0.0,H,1,1,0,44000.0
Korea Republic,United States,1,1,2002-06-10,2002,Group stage,Normal Time,,,0.0,D,2,0,1,75000.0
Tunisia,Belgium,1,1,2002-06-10,2002,Group stage,Normal Time,,,0.0,D,2,0,1,37000.0
Portugal,Poland,4,0,2002-06-10,2002,Group stage,Normal Time,,,0.0,H,4,4,0,65000.0
Denmark,France,2,0,2002-06-11,2002,Group stage,Normal Time,,,0.0,H,2,2,0,44000.0
Senegal,Uruguay,3,3,2002-06-11,2002,Group stage,Normal Time,,,0.0,D,6,0,1,90089.0
Saudi Arabia,Republic of Ireland,0,3,2002-06-11,2002,Group stage,Normal Time,,,0.0,A,3,-3,0,20000.0
Cameroon,Germany,0,2,2002-06-11,2002,Group stage,Normal Time,,,0.0,A,2,-2,0,45000.0
Sweden,Argentina,1,1,2002-06-12,2002,Group stage,Normal Time,,,0.0,D,2,0,1,43000.0
Nigeria,England,0,0,2002-06-12,2002,Group stage,Normal Time,,,0.0,D,0,0,0,75000.0
South Africa,Spain,2,3,2002-06-12,2002,Group stage,Normal Time,,,0.0,A,5,-1,1,37000.0
Slovenia,Paraguay,1,3,2002-06-12,2002,Group stage,Normal Time,,,0.0,A,4,-2,1,65000.0
Costa Rica,Brazil,2,5,2002-06-13,2002,Group stage,Normal Time,,,0.0,A,7,-3,1,39700.0
Turkey,China,3,0,2002-06-13,2002,Group stage,Normal Time,,,0.0,H,3,3,0,41000.0
Mexico,Italy,1,1,2002-06-13,2002,Group stage,Normal Time,,,0.0,D,2,0,1,49562.0
Ecuador,Croatia,1,0,2002-06-13,2002,Group stage,Normal Time,,,0.0,H,1,1,0,28000.0
Tunisia,Japan,0,2,2002-06-14,2002,Group stage,Normal Time,,,0.0,A,2,-2,0,16000.0
Belgium,Russia,3,2,2002-06-14,2002,Group stage,Normal Time,,,0.0,H,5,1,1,25000.0
Portugal,Korea Republic,0,1,2002-06-14,2002,Group stage,Normal Time,,,0.0,A,1,-1,0,20000.0
Poland,United States,3,1,2002-06-14,2002,Group stage,Normal Time,,,0.0,H,4,2,1,32500.0
Germany,Paraguay,1,0,2002-06-15,2002,Round of 16,Normal Time,,,2.0,H,1,1,0,43000.0
Denmark,England,0,3,2002-06-15,2002,Round of 16,Normal Time,,,2.0,A,3,-3,0,25000.0
Sweden,Senegal,1,2,2002-06-16,2002,Round of 16,Normal Time,,,2.0,A,3,-1,1,37000.0
Spain,Republic of Ireland,1,1,2002-06-16,2002,Round of 16,Normal Time,3.0,2.0,2.0,D,2,0,1,45000.0
Mexico,United States,0,2,2002-06-17,2002,Round of 16,Normal Time,,,2.0,A,2,-2,0,22000.0
Brazil,Belgium,2,0,2002-06-17,2002,Round of 16,Normal Time,,,2.0,H,2,2,0,30043.0
Japan,Turkey,0,1,2002-06-18,2002,Round of 16,Normal Time,,,2.0,A,1,-1,0,15000.0
Korea Republic,Italy,2,1,2002-06-18,2002,Round of 16,Normal Time,,,2.0,H,3,1,1,42000.0
England,Brazil,1,2,2002-06-21,2002,Quarter-finals,Normal Time,,,0.0,A,3,-1,1,41123.0
Germany,United States,1,0,2002-06-21,2002,Quarter-finals,Normal Time,,,0.0,H,1,1,0,48000.0
Spain,Korea Republic,0,0,2002-06-22,2002,Quarter-finals,Normal Time,3.0,5.0,0.0,D,0,0,0,19000.0
Senegal,Turkey,0,1,2002-06-22,2002,Quarter-finals,Normal Time,,,0.0,A,1,-1,0,19000.0
Germany,Korea Republic,1,0,2002-06-25,2002,Semi-finals,Normal Time,,,0.0,H,1,1,0,15000.0
Brazil,Turkey,1,0,2002-06-26,2002,Semi-finals,Normal Time,,,0.0,H,1,1,0,25000.0
Korea Republic,Turkey,2,3,2002-06-29,2002,Third-place match,Normal Time,,,0.0,A,5,-1,1,47379.0
Germany,Brazil,0,2,2002-06-30,2002,Final,Normal Time,,,6.0,A,2,-2,0,32093.0
Germany,Costa Rica,4,2,2006-06-09,2006,Group stage,Normal Time,,,0.0,H,6,2,1,22500.0
Poland,Ecuador,0,2,2006-06-09,2006,Group stage,Normal Time,,,0.0,A,2,-2,0,25000.0
England,Paraguay,1,0,2006-06-10,2006,Group stage,Normal Time,,,0.0,H,1,1,0,25000.0
Trinidad and Tobago,Sweden,0,0,2006-06-10,2006,Group stage,Normal Time,,,0.0,D,0,0,0,44172.0
Argentina,Ivory Coast,2,1,2006-06-10,2006,Group stage,Normal Time,,,0.0,H,3,1,1,42000.0
Serbia and Montenegro,Netherlands,0,1,2006-06-11,2006,Group stage,Normal Time,,,0.0,A,1,-1,0,49562.0
Mexico,Iran,3,1,2006-06-11,2006,Group stage,Normal Time,,,0.0,H,4,2,1,11000.0
Angola,Portugal,0,1,2006-06-11,2006,Group stage,Normal Time,,,0.0,A,1,-1,0,23000.0
Australia,Japan,3,1,2006-06-12,2006,Group stage,Normal Time,,,0.0,H,4,2,1,36000.0
United States,Czech Republic,0,3,2006-06-12,2006,Group stage,Normal Time,,,0.0,A,3,-3,0,33000.0
Italy,Ghana,2,0,2006-06-12,2006,Group stage,Normal Time,,,0.0,H,2,2,0,68000.0
Korea Republic,Togo,2,1,2006-06-13,2006,Group stage,Normal Time,,,0.0,H,3,1,1,95000.0
France,Switzerland,0,0,2006-06-13,2006,Group stage,Normal Time,,,0.0,D,0,0,0,71483.0
Brazil,Croatia,1,0,2006-06-13,2006,Group stage,Normal Time,,,0.0,H,1,1,0,69659.0
Spain,Ukraine,4,0,2006-06-14,2006,Group stage,Normal Time,,,0.0,H,4,4,0,67433.0
Tunisia,Saudi Arabia,2,2,2006-06-14,2006,Group stage,Normal Time,,,0.0,D,4,0,1,38318.0
Germany,Poland,1,0,2006-06-14,2006,Group stage,Normal Time,,,0.0,H,1,1,0,39586.0
Ecuador,Costa Rica,3,0,2006-06-15,2006,Group stage,Normal Time,,,0.0,H,3,3,0,37315.0
England,Trinidad and Tobago,2,0,2006-06-15,2006,Group stage,Normal Time,,,0.0,H,2,2,0,35288.0
Sweden,Paraguay,1,0,2006-06-15,2006,Group stage,Normal Time,,,0.0,H,1,1,0,40750.0
Argentina,Serbia and Montenegro,6,0,2006-06-16,2006,Group stage,Normal Time,,,0.0,H,6,6,0,66695.0
Netherlands,Ivory Coast,2,1,2006-06-16,2006,Group stage,Normal Time,,,0.0,H,3,1,1,37326.0
Mexico,Angola,0,0,2006-06-16,2006,Group stage,Normal Time,,,0.0,D,0,0,0,25050.0
Portugal,Iran,2,0,2006-06-17,2006,Group stage,Normal Time,,,0.0,H,2,2,0,67547.0
Czech Republic,Ghana,0,2,2006-06-17,2006,Group stage,Normal Time,,,0.0,A,2,-2,0,31278.0
Italy,United States,1,1,2006-06-17,2006,Group stage,Normal Time,,,0.0,D,2,0,1,37091.0
Japan,Croatia,0,0,2006-06-18,2006,Group stage,Normal Time,,,0.0,D,0,0,0,35221.0
Brazil,Australia,2,0,2006-06-18,2006,Group stage,Normal Time,,,0.0,H,2,2,0,42132.0
France,Korea Republic,1,1,2006-06-18,2006,Group stage,Normal Time,,,0.0,D,2,0,1,21262.0
Togo,Switzerland,0,2,2006-06-19,2006,Group stage,Normal Time,,,0.0,A,2,-2,0,35130.0
Saudi Arabia,Ukraine,0,4,2006-06-19,2006,Group stage,Normal Time,,,0.0,A,4,-4,0,23127.0
Spain,Tunisia,3,1,2006-06-19,2006,Group stage,Normal Time,,,0.0,H,4,2,1,22651.0
Costa Rica,Poland,1,2,2006-06-20,2006,Group stage,Normal Time,,,0.0,A,3,-1,1,30667.0
Ecuador,Germany,0,3,2006-06-20,2006,Group stage,Normal Time,,,0.0,A,3,-3,0,71712.0
Paraguay,Trinidad and Tobago,2,0,2006-06-20,2006,Group stage,Normal Time,,,0.0,H,2,2,0,41424.0
Sweden,England,2,2,2006-06-20,2006,Group stage,Normal Time,,,0.0,D,4,0,1,34771.0
Portugal,Mexico,2,1,2006-06-21,2006,Group stage,Normal Time,,,0.0,H,3,1,1,28125.0
Iran,Angola,1,1,2006-06-21,2006,Group stage,Normal Time,,,0.0,D,2,0,1,7938.0
Ivory Coast,Serbia and Montenegro,3,2,2006-06-21,2006,Group stage,Normal Time,,,0.0,H,5,1,1,26533.0
Netherlands,Argentina,0,0,2006-06-21,2006,Group stage,Normal Time,,,0.0,D,0,0,0,35258.0
Ghana,United States,2,1,2006-06-22,2006,Group stage,Normal Time,,,0.0,H,3,1,1,9624.0
Czech Republic,Italy,0,2,2006-06-22,2006,Group stage,Normal Time,,,0.0,A,2,-2,0,71666.0
Japan,Brazil,1,4,2006-06-22,2006,Group stage,Normal Time,,,0.0,A,5,-3,1,32569.0
Croatia,Australia,2,2,2006-06-22,2006,Group stage,Normal Time,,,0.0,D,4,0,1,40841.0
Saudi Arabia,Spain,0,1,2006-06-23,2006,Group stage,Normal Time,,,0.0,A,1,-1,0,37927.0
Ukraine,Tunisia,1,0,2006-06-23,2006,Group stage,Normal Time,,,0.0,H,1,1,0,33431.0
Togo,France,0,2,2006-06-23,2006,Group stage,Normal Time,,,0.0,A,2,-2,0,42373.0
Switzerland,Korea Republic,2,0,2006-06-23,2006,Group stage,Normal Time,,,0.0,H,2,2,0,17396.0
Germany,Sweden,2,0,2006-06-24,2006,Round of 16,Normal Time,,,2.0,H,2,2,0,71615.0
Argentina,Mexico,2,1,2006-06-24,2006,Round of 16,Normal Time,,,2.0,H,3,1,1,67579.0
England,Ecuador,1,0,2006-06-25,2006,Round of 16,Normal Time,,,2.0,H,1,1,0,78200.0
Portugal,Netherlands,1,0,2006-06-25,2006,Round of 16,Normal Time,,,2.0,H,1,1,0,77100.0
Italy,Australia,1,0,2006-06-26,2006,Round of 16,Normal Time,,,2.0,H,1,1,0,62000.0
Switzerland,Ukraine,0,0,2006-06-26,2006,Round of 16,Normal Time,0.0,3.0,2.0,D,0,0,0,53700.0
Brazil,Ghana,3,0,2006-06-27,2006,Round of 16,Normal Time,,,2.0,H,3,3,0,54254.0
Spain,France,1,3,2006-06-27,2006,Round of 16,Normal Time,,,2.0,A,4,-2,1,41300.0
Germany,Argentina,1,1,2006-06-30,2006,Quarter-finals,Normal Time,4.0,2.0,0.0,D,2,0,1,58000.0
Italy,Ukraine,3,0,2006-06-30,2006,Quarter-finals,Normal Time,,,0.0,H,3,3,0,39400.0
England,Portugal,0,0,2006-07-01,2006,Quarter-finals,Normal Time,1.0,3.0,0.0,D,0,0,0,68348.0
Brazil,France,0,1,2006-07-01,2006,Quarter-finals,Normal Time,,,0.0,A,1,-1,0,67800.0
Germany,Italy,0,2,2006-07-04,2006,Semi-finals,Normal Time,,,0.0,A,2,-2,0,67385.0
Portugal,France,0,1,2006-07-05,2006,Semi-finals,Normal Time,,,0.0,A,1,-1,0,59863.0
Germany,Portugal,3,1,2006-07-08,2006,Third-place match,Normal Time,,,0.0,H,4,2,1,44955.0
Italy,France,1,1,2006-07-09,2006,Final,Normal Time,5.0,3.0,6.0,D,2,0,1,56548.0
South Africa,Mexico,1,1,2010-06-11,2010,Group stage,Normal Time,,,0.0,D,2,0,1,53300.0
Uruguay,France,0,0,2010-06-11,2010,Group stage,Normal Time,,,0.0,D,0,0,0,70100.0
Korea Republic,Greece,2,0,2010-06-12,2010,Group stage,Normal Time,,,0.0,H,2,2,0,28300.0
Argentina,Nigeria,1,0,2010-06-12,2010,Group stage,Normal Time,,,0.0,H,1,1,0,25900.0
England,United States,1,1,2010-06-12,2010,Group stage,Normal Time,,,0.0,D,2,0,1,56000.0
Algeria,Slovenia,0,1,2010-06-13,2010,Group stage,Normal Time,,,0.0,A,1,-1,0,17400.0
Serbia,Ghana,0,1,2010-06-13,2010,Group stage,Normal Time,,,0.0,A,1,-1,0,36200.0
Germany,Australia,4,0,2010-06-13,2010,Group stage,Normal Time,,,0.0,H,4,4,0,60200.0
Netherlands,Denmark,2,0,2010-06-14,2010,Group stage,Normal Time,,,0.0,H,2,2,0,25300.0
Japan,Cameroon,1,0,2010-06-14,2010,Group stage,Normal Time,,,0.0,H,1,1,0,13400.0
Italy,Paraguay,1,1,2010-06-14,2010,Group stage,Normal Time,,,0.0,D,2,0,1,53700.0
New Zealand,Slovakia,1,1,2010-06-15,2010,Group stage,Normal Time,,,0.0,D,2,0,1,70100.0
Ivory Coast,Portugal,0,0,2010-06-15,2010,Group stage,Normal Time,,,0.0,D,0,0,0,53300.0
Brazil,Korea Dpr,2,1,2010-06-15,2010,Group stage,Normal Time,,,0.0,H,3,1,1,31700.0
Honduras,Chile,0,1,2010-06-16,2010,Group stage,Normal Time,,,0.0,A,1,-1,0,28300.0
Spain,Switzerland,0,1,2010-06-16,2010,Group stage,Normal Time,,,0.0,A,1,-1,0,62000.0
South Africa,Uruguay,0,3,2010-06-16,2010,Group stage,Normal Time,,,0.0,A,3,-3,0,55100.0
Argentina,Korea Republic,4,1,2010-06-17,2010,Group stage,Normal Time,,,0.0,H,5,3,1,23800.0
Greece,Nigeria,2,1,2010-06-17,2010,Group stage,Normal Time,,,0.0,H,3,1,1,53000.0
France,Mexico,0,2,2010-06-17,2010,Group stage,Normal Time,,,0.0,A,2,-2,0,32700.0
Germany,Serbia,0,1,2010-06-18,2010,Group stage,Normal Time,,,0.0,A,1,-1,0,81100.0
Slovenia,United States,2,2,2010-06-18,2010,Group stage,Normal Time,,,0.0,D,4,0,1,17000.0
England,Algeria,0,0,2010-06-18,2010,Group stage,Normal Time,,,0.0,D,0,0,0,27000.0
Netherlands,Japan,1,0,2010-06-19,2010,Group stage,Normal Time,,,0.0,H,1,1,0,62000.0
Ghana,Australia,1,1,2010-06-19,2010,Group stage,Normal Time,,,0.0,D,2,0,1,107412.0
Cameroon,Denmark,1,2,2010-06-19,2010,Group stage,Normal Time,,,0.0,A,3,-1,1,104403.0
Slovakia,Paraguay,0,2,2010-06-20,2010,Group stage,Normal Time,,,0.0,A,2,-2,0,102444.0
Italy,New Zealand,1,1,2010-06-20,2010,Group stage,Normal Time,,,0.0,D,2,0,1,51261.0
Brazil,Ivory Coast,3,1,2010-06-20,2010,Group stage,Normal Time,,,0.0,H,4,2,1,54233.0
Portugal,Korea Dpr,7,0,2010-06-21,2010,Group stage,Normal Time,,,0.0,H,7,7,0,26851.0
Chile,Switzerland,1,0,2010-06-21,2010,Group stage,Normal Time,,,0.0,H,1,1,0,26085.0
Spain,Honduras,2,0,2010-06-21,2010,Group stage,Normal Time,,,0.0,H,2,2,0,23357.0
Mexico,Uruguay,0,1,2010-06-22,2010,Group stage,Normal Time,,,0.0,A,1,-1,0,108192.0
France,South Africa,1,2,2010-06-22,2010,Group stage,Normal Time,,,0.0,A,3,-1,1,9890.0
Nigeria,Korea Republic,2,2,2010-06-22,2010,Group stage,Normal Time,,,0.0,D,4,0,1,12299.0
Greece,Argentina,0,2,2010-06-22,2010,Group stage,Normal Time,,,0.0,A,2,-2,0,49292.0
Slovenia,England,0,1,2010-06-23,2010,Group stage,Normal Time,,,0.0,A,1,-1,0,17875.0
United States,Algeria,1,0,2010-06-23,2010,Group stage,Normal Time,,,0.0,H,1,1,0,50804.0
Ghana,Germany,0,1,2010-06-23,2010,Group stage,Normal Time,,,0.0,A,1,-1,0,18163.0
Australia,Serbia,2,1,2010-06-23,2010,Group stage,Normal Time,,,0.0,H,3,1,1,89979.0
Paraguay,New Zealand,0,0,2010-06-24,2010,Group stage,Normal Time,,,0.0,D,0,0,0,103058.0
Slovakia,Italy,3,2,2010-06-24,2010,Group stage,Normal Time,,,0.0,H,5,1,1,66843.0
Denmark,Japan,1,3,2010-06-24,2010,Group stage,Normal Time,,,0.0,A,4,-2,1,12710.0
Cameroon,Netherlands,1,2,2010-06-24,2010,Group stage,Normal Time,,,0.0,A,3,-1,1,9624.0
Portugal,Brazil,0,0,2010-06-25,2010,Group stage,Normal Time,,,0.0,D,0,0,0,56818.0
Korea Dpr,Ivory Coast,0,3,2010-06-25,2010,Group stage,Normal Time,,,0.0,A,3,-3,0,29968.0
Chile,Spain,1,2,2010-06-25,2010,Group stage,Normal Time,,,0.0,A,3,-1,1,95261.0
Switzerland,Honduras,0,0,2010-06-25,2010,Group stage,Normal Time,,,0.0,D,0,0,0,13537.0
Uruguay,Korea Republic,2,1,2010-06-26,2010,Round of 16,Normal Time,,,2.0,H,3,1,1,92205.0
United States,Ghana,1,2,2010-06-26,2010,Round of 16,Normal Time,,,2.0,A,3,-1,1,52897.0
Germany,England,4,1,2010-06-27,2010,Round of 16,Normal Time,,,2.0,H,5,3,1,13433.0
Argentina,Mexico,3,1,2010-06-27,2010,Round of 16,Normal Time,,,2.0,H,4,2,1,12942.0
Netherlands,Slovakia,2,1,2010-06-28,2010,Round of 16,Normal Time,,,2.0,H,3,1,1,50560.0
Brazil,Chile,3,0,2010-06-28,2010,Round of 16,Normal Time,,,2.0,H,3,3,0,13765.0
Paraguay,Japan,0,0,2010-06-29,2010,Round of 16,Normal Time,5.0,3.0,2.0,D,0,0,0,20654.0
Spain,Portugal,1,0,2010-06-29,2010,Round of 16,Normal Time,,,2.0,H,1,1,0,107160.0
Netherlands,Brazil,2,1,2010-07-02,2010,Quarter-finals,Normal Time,,,0.0,H,3,1,1,96924.0
Uruguay,Ghana,1,1,2010-07-02,2010,Quarter-finals,Normal Time,4.0,2.0,0.0,D,2,0,1,87696.0
Argentina,Germany,0,4,2010-07-03,2010,Quarter-finals,Normal Time,,,0.0,A,4,-4,0,94493.0
Paraguay,Spain,0,1,2010-07-03,2010,Quarter-finals,Normal Time,,,0.0,A,1,-1,0,38273.0
Uruguay,Netherlands,2,3,2010-07-06,2010,Semi-finals,Normal Time,,,0.0,A,5,-1,1,40248.0
Germany,Spain,0,1,2010-07-07,2010,Semi-finals,Normal Time,,,0.0,A,1,-1,0,90584.0
Uruguay,Germany,2,3,2010-07-10,2010,Third-place match,Normal Time,,,0.0,A,5,-1,1,26844.0
Netherlands,Spain,0,1,2010-07-11,2010,Final,Normal Time,,,6.0,A,1,-1,0,40007.0
Brazil,Croatia,3,1,2014-06-12,2014,Group stage,Normal Time,,,0.0,H,4,2,1,98270.0
Mexico,Cameroon,1,0,2014-06-13,2014,Group stage,Normal Time,,,0.0,H,1,1,0,24129.0
Spain,Netherlands,1,5,2014-06-13,2014,Group stage,Normal Time,,,0.0,A,6,-4,1,42187.0
Chile,Australia,3,1,2014-06-13,2014,Group stage,Normal Time,,,0.0,H,4,2,1,16027.0
Colombia,Greece,3,0,2014-06-14,2014,Group stage,Normal Time,,,0.0,H,3,3,0,61112.0
Uruguay,Costa Rica,1,3,2014-06-14,2014,Group stage,Normal Time,,,0.0,A,4,-2,1,32127.0
England,Italy,1,2,2014-06-14,2014,Group stage,Normal Time,,,0.0,A,3,-1,1,58479.0
Ivory Coast,Japan,2,1,2014-06-14,2014,Group stage,Normal Time,,,0.0,H,3,1,1,17829.0
Switzerland,Ecuador,2,1,2014-06-15,2014,Group stage,Normal Time,,,0.0,H,3,1,1,46587.0
France,Honduras,3,0,2014-06-15,2014,Group stage,Normal Time,,,0.0,H,3,3,0,27793.0
Argentina,Bosnia and Herzegovina,2,1,2014-06-15,2014,Group stage,Normal Time,,,0.0,H,3,1,1,25438.0
Germany,Portugal,4,0,2014-06-16,2014,Group stage,Normal Time,,,0.0,H,4,4,0,92570.0
Iran,Nigeria,0,0,2014-06-16,2014,Group stage,Normal Time,,,0.0,D,0,0,0,32028.0
Ghana,United States,1,2,2014-06-16,2014,Group stage,Normal Time,,,0.0,A,3,-1,1,45662.0
Belgium,Algeria,2,1,2014-06-17,2014,Group stage,Normal Time,,,0.0,H,3,1,1,51387.0
Brazil,Mexico,0,0,2014-06-17,2014,Group stage,Normal Time,,,0.0,D,0,0,0,13792.0
Russia,Korea Republic,1,1,2014-06-17,2014,Group stage,Normal Time,,,0.0,D,2,0,1,42738.0
Australia,Netherlands,2,3,2014-06-18,2014,Group stage,Normal Time,,,0.0,A,5,-1,1,69237.0
Spain,Chile,0,2,2014-06-18,2014,Group stage,Normal Time,,,0.0,A,2,-2,0,27199.0
Cameroon,Croatia,0,4,2014-06-18,2014,Group stage,Normal Time,,,0.0,A,4,-4,0,29886.0
Colombia,Ivory Coast,2,1,2014-06-19,2014,Group stage,Normal Time,,,0.0,H,3,1,1,47308.0
Uruguay,England,2,1,2014-06-19,2014,Group stage,Normal Time,,,0.0,H,3,1,1,23006.0
Japan,Greece,0,0,2014-06-19,2014,Group stage,Normal Time,,,0.0,D,0,0,0,36127.0
Italy,Costa Rica,0,1,2014-06-20,2014,Group stage,Normal Time,,,0.0,A,1,-1,0,87148.0
Switzerland,France,2,5,2014-06-20,2014,Group stage,Normal Time,,,0.0,A,7,-3,1,68679.0
Honduras,Ecuador,1,2,2014-06-20,2014,Group stage,Normal Time,,,0.0,A,3,-1,1,66697.0
Argentina,Iran,1,0,2014-06-21,2014,Group stage,Normal Time,,,0.0,H,1,1,0,76594.0
Germany,Ghana,2,2,2014-06-21,2014,Group stage,Normal Time,,,0.0,D,4,0,1,5890.0
Nigeria,Bosnia and Herzegovina,1,0,2014-06-21,2014,Group stage,Normal Time,,,0.0,H,1,1,0,17268.0
Belgium,Russia,1,0,2014-06-22,2014,Group stage,Normal Time,,,0.0,H,1,1,0,17736.0
Korea Republic,Algeria,2,4,2014-06-22,2014,Group stage,Normal Time,,,0.0,A,6,-2,1,11690.0
United States,Portugal,2,2,2014-06-22,2014,Group stage,Normal Time,,,0.0,D,4,0,1,63324.0
Australia,Spain,0,3,2014-06-23,2014,Group stage,Normal Time,,,0.0,A,3,-3,0,5700.0
Netherlands,Chile,2,0,2014-06-23,2014,Group stage,Normal Time,,,0.0,H,2,2,0,10648.0
Croatia,Mexico,1,3,2014-06-23,2014,Group stage,Normal Time,,,0.0,A,4,-2,1,59828.0
Cameroon,Brazil,1,4,2014-06-23,2014,Group stage,Normal Time,,,0.0,A,5,-3,1,7167.0
Costa Rica,England,0,0,2014-06-24,2014,Group stage,Normal Time,,,0.0,D,0,0,0,67224.0
Italy,Uruguay,0,1,2014-06-24,2014,Group stage,Normal Time,,,0.0,A,1,-1,0,9973.0
Japan,Colombia,1,4,2014-06-24,2014,Group stage,Normal Time,,,0.0,A,5,-3,1,7945.0
Greece,Ivory Coast,2,1,2014-06-24,2014,Group stage,Normal Time,,,0.0,H,3,1,1,18715.0
Bosnia and Herzegovina,Iran,3,1,2014-06-25,2014,Group stage,Normal Time,,,0.0,H,4,2,1,11875.0
Nigeria,Argentina,2,3,2014-06-25,2014,Group stage,Normal Time,,,0.0,A,5,-1,1,8040.0
Honduras,Switzerland,0,3,2014-06-25,2014,Group stage,Normal Time,,,0.0,A,3,-3,0,7442.0
Ecuador,France,0,0,2014-06-25,2014,Group stage,Normal Time,,,0.0,D,0,0,0,64922.0
United States,Germany,0,1,2014-06-26,2014,Group stage,Normal Time,,,0.0,A,1,-1,0,66057.0
Portugal,Ghana,2,1,2014-06-26,2014,Group stage,Normal Time,,,0.0,H,3,1,1,14903.0
Korea Republic,Belgium,0,1,2014-06-26,2014,Group stage,Normal Time,,,0.0,A,1,-1,0,9794.0
Algeria,Russia,1,1,2014-06-26,2014,Group stage,Normal Time,,,0.0,D,2,0,1,8829.0
Brazil,Chile,1,1,2014-06-28,2014,Round of 16,Normal Time,3.0,2.0,2.0,D,2,0,1,65440.0
Colombia,Uruguay,2,0,2014-06-28,2014,Round of 16,Normal Time,,,2.0,H,2,2,0,7938.0
Netherlands,Mexico,2,1,2014-06-29,2014,Round of 16,Normal Time,,,2.0,H,3,1,1,12700.0
Costa Rica,Greece,1,1,2014-06-29,2014,Round of 16,Normal Time,5.0,3.0,2.0,D,2,0,1,9622.0
France,Nigeria,2,0,2014-06-30,2014,Round of 16,Normal Time,,,2.0,H,2,2,0,65006.0
Germany,Algeria,2,1,2014-06-30,2014,Round of 16,Normal Time,,,2.0,H,3,1,1,7908.0
Argentina,Switzerland,1,0,2014-07-01,2014,Round of 16,Normal Time,,,2.0,H,1,1,0,10484.0
Belgium,United States,2,1,2014-07-01,2014,Round of 16,Normal Time,,,2.0,H,3,1,1,7134.0
France,Germany,0,1,2014-07-04,2014,Quarter-finals,Normal Time,,,0.0,A,1,-1,0,49737.0
Brazil,Colombia,2,1,2014-07-04,2014,Quarter-finals,Normal Time,,,0.0,H,3,1,1,32483.0
Argentina,Belgium,1,0,2014-07-05,2014,Quarter-finals,Normal Time,,,0.0,H,1,1,0,49471.0
Netherlands,Costa Rica,0,0,2014-07-05,2014,Quarter-finals,Normal Time,4.0,3.0,0.0,D,0,0,0,27100.0
Brazil,Germany,1,7,2014-07-08,2014,Semi-finals,Normal Time,,,0.0,A,8,-6,1,11800.0
Netherlands,Argentina,0,0,2014-07-09,2014,Semi-finals,Normal Time,2.0,4.0,0.0,D,0,0,0,20055.0
Brazil,Netherlands,0,3,2014-07-12,2014,Third-place match,Normal Time,,,0.0,A,3,-3,0,25923.0
Germany,Argentina,1,0,2014-07-13,2014,Final,Normal Time,,,6.0,H,1,1,0,31900.0
Russia,Saudi Arabia,5,0,2018-06-14,2018,Group stage,Normal Time,,,0.0,H,5,5,0,6196.0
Egypt,Uruguay,0,1,2018-06-15,2018,Group stage,Normal Time,,,0.0,A,1,-1,0,2823.0
Morocco,Iran,0,1,2018-06-15,2018,Group stage,Normal Time,,,0.0,A,1,-1,0,23182.0
Portugal,Spain,3,3,2018-06-15,2018,Group stage,Normal Time,,,0.0,D,6,0,1,30287.0
France,Australia,2,1,2018-06-16,2018,Group stage,Normal Time,,,0.0,H,3,1,1,13103.0
Argentina,Iceland,1,1,2018-06-16,2018,Group stage,Normal Time,,,0.0,D,2,0,1,21990.0
Peru,Denmark,0,1,2018-06-16,2018,Group stage,Normal Time,,,0.0,A,1,-1,0,16418.0
Croatia,Nigeria,2,0,2018-06-16,2018,Group stage,Normal Time,,,0.0,H,2,2,0,15872.0
Costa Rica,Serbia,0,1,2018-06-17,2018,Group stage,Normal Time,,,0.0,A,1,-1,0,50928.0
Germany,Mexico,0,1,2018-06-17,2018,Group stage,Normal Time,,,0.0,A,1,-1,0,13300.0
Brazil,Switzerland,1,1,2018-06-17,2018,Group stage,Normal Time,,,0.0,D,2,0,1,13554.0
Sweden,Korea Republic,1,0,2018-06-18,2018,Group stage,Normal Time,,,0.0,H,1,1,0,38850.0
Belgium,Panama,3,0,2018-06-18,2018,Group stage,Normal Time,,,0.0,H,3,3,0,21239.0
Tunisia,England,1,2,2018-06-18,2018,Group stage,Normal Time,,,0.0,A,3,-1,1,25000.0
Colombia,Japan,1,2,2018-06-19,2018,Group stage,Normal Time,,,0.0,A,3,-1,1,14174.0
Poland,Senegal,1,2,2018-06-19,2018,Group stage,Normal Time,,,0.0,A,3,-1,1,12217.0
Russia,Egypt,3,1,2018-06-19,2018,Group stage,Normal Time,,,0.0,H,4,2,1,11665.0
Portugal,Morocco,1,0,2018-06-20,2018,Group stage,Normal Time,,,0.0,H,1,1,0,40895.0
Uruguay,Saudi Arabia,1,0,2018-06-20,2018,Group stage,Normal Time,,,0.0,H,1,1,0,15150.0
Iran,Spain,0,1,2018-06-20,2018,Group stage,Normal Time,,,0.0,A,1,-1,0,34107.0
Denmark,Australia,1,1,2018-06-21,2018,Group stage,Normal Time,,,0.0,D,2,0,1,10647.0
France,Peru,1,0,2018-06-21,2018,Group stage,Normal Time,,,0.0,H,1,1,0,15343.0
Argentina,Croatia,0,3,2018-06-21,2018,Group stage,Normal Time,,,0.0,A,3,-3,0,9591.0
Brazil,Costa Rica,2,0,2018-06-22,2018,Group stage,Normal Time,,,0.0,H,2,2,0,17788.0
Nigeria,Iceland,2,0,2018-06-22,2018,Group stage,Normal Time,,,0.0,H,2,2,0,49348.0
Serbia,Switzerland,1,2,2018-06-22,2018,Group stage,Normal Time,,,0.0,A,3,-1,1,16518.0
Belgium,Tunisia,5,2,2018-06-23,2018,Group stage,Normal Time,,,0.0,H,7,3,1,31156.0
Korea Republic,Mexico,1,2,2018-06-23,2018,Group stage,Normal Time,,,0.0,A,3,-1,1,62500.0
Germany,Sweden,2,1,2018-06-23,2018,Group stage,Normal Time,,,0.0,H,3,1,1,32000.0
England,Panama,6,1,2018-06-24,2018,Group stage,Normal Time,,,0.0,H,7,5,1,45000.0
Japan,Senegal,2,2,2018-06-24,2018,Group stage,Normal Time,,,0.0,D,4,0,1,58000.0
Poland,Colombia,0,3,2018-06-24,2018,Group stage,Normal Time,,,0.0,A,3,-3,0,17000.0
Saudi Arabia,Egypt,2,1,2018-06-25,2018,Group stage,Normal Time,,,0.0,H,3,1,1,40000.0
Uruguay,Russia,3,0,2018-06-25,2018,Group stage,Normal Time,,,0.0,H,3,3,0,28000.0
Spain,Morocco,2,2,2018-06-25,2018,Group stage,Normal Time,,,0.0,D,4,0,1,35000.0
Iran,Portugal,1,1,2018-06-25,2018,Group stage,Normal Time,,,0.0,D,2,0,1,17000.0
Australia,Peru,0,2,2018-06-26,2018,Group stage,Normal Time,,,0.0,A,2,-2,0,30000.0
Denmark,France,0,0,2018-06-26,2018,Group stage,Normal Time,,,0.0,D,0,0,0,56000.0
Iceland,Croatia,1,2,2018-06-26,2018,Group stage,Normal Time,,,0.0,A,3,-1,1,4000.0
Nigeria,Argentina,1,2,2018-06-26,2018,Group stage,Normal Time,,,0.0,A,3,-1,1,24000.0
Korea Republic,Germany,2,0,2018-06-27,2018,Group stage,Normal Time,,,0.0,H,2,2,0,43500.0
Mexico,Sweden,0,3,2018-06-27,2018,Group stage,Normal Time,,,0.0,A,3,-3,0,34000.0
Switzerland,Costa Rica,2,2,2018-06-27,2018,Group stage,Normal Time,,,0.0,D,4,0,1,24637.0
Serbia,Brazil,0,2,2018-06-27,2018,Group stage,Normal Time,,,0.0,A,2,-2,0,26000.0
Japan,Poland,0,1,2018-06-28,2018,Group stage,Normal Time,,,0.0,A,1,-1,0,19000.0
Senegal,Colombia,0,1,2018-06-28,2018,Group stage,Normal Time,,,0.0,A,1,-1,0,43000.0
England,Belgium,0,1,2018-06-28,2018,Group stage,Normal Time,,,0.0,A,1,-1,0,13000.0
Panama,Tunisia,1,2,2018-06-28,2018,Group stage,Normal Time,,,0.0,A,3,-1,1,28000.0
France,Argentina,4,3,2018-06-30,2018,Round of 16,Normal Time,,,2.0,H,7,1,1,14000.0
Uruguay,Portugal,2,1,2018-06-30,2018,Round of 16,Normal Time,,,2.0,H,3,1,1,20500.0
Spain,Russia,1,1,2018-07-01,2018,Round of 16,Normal Time,3.0,4.0,2.0,D,2,0,1,16000.0
Croatia,Denmark,1,1,2018-07-01,2018,Round of 16,Normal Time,3.0,2.0,2.0,D,2,0,1,13470.0
Brazil,Mexico,2,0,2018-07-02,2018,Round of 16,Normal Time,,,2.0,H,2,2,0,25000.0
Belgium,Japan,3,2,2018-07-02,2018,Round of 16,Normal Time,,,2.0,H,5,1,1,11227.0
Sweden,Switzerland,1,0,2018-07-03,2018,Round of 16,Normal Time,,,2.0,H,1,1,0,173850.0
Colombia,England,1,1,2018-07-03,2018,Round of 16,Normal Time,3.0,4.0,2.0,D,2,0,1,152772.0
Uruguay,France,0,2,2018-07-06,2018,Quarter-finals,Normal Time,,,0.0,A,2,-2,0,7987.0
Brazil,Belgium,1,2,2018-07-06,2018,Quarter-finals,Normal Time,,,0.0,A,3,-1,1,138886.0
Sweden,England,0,2,2018-07-07,2018,Quarter-finals,Normal Time,,,0.0,A,2,-2,0,44802.0
Russia,Croatia,2,2,2018-07-07,2018,Quarter-finals,Normal Time,3.0,4.0,0.0,D,4,0,1,8501.0
France,Belgium,1,0,2018-07-10,2018,Semi-finals,Normal Time,,,0.0,H,1,1,0,25811.0
Croatia,England,2,1,2018-07-11,2018,Semi-finals,Normal Time,,,0.0,H,3,1,1,5284.0
Belgium,England,2,0,2018-07-14,2018,Third-place match,Normal Time,,,0.0,H,2,2,0,74462.0
France,Croatia,4,2,2018-07-15,2018,Final,Normal Time,,,6.0,H,6,2,1,3580.0
Qatar,Ecuador,0,2,2022-11-20,2022,Group stage,Normal Time,,,0.0,A,2,-2,0,142429.0
England,Iran,6,2,2022-11-21,2022,Group stage,Normal Time,,,0.0,H,8,4,1,19790.0
Senegal,Netherlands,0,2,2022-11-21,2022,Group stage,Normal Time,,,0.0,A,2,-2,0,10151.0
United States,Wales,1,1,2022-11-21,2022,Group stage,Normal Time,,,0.0,D,2,0,1,7903.0
Argentina,Saudi Arabia,1,2,2022-11-22,2022,Group stage,Normal Time,,,0.0,A,3,-1,1,42032.0
Denmark,Tunisia,0,0,2022-11-22,2022,Group stage,Normal Time,,,0.0,D,0,0,0,11078.0
Mexico,Poland,0,0,2022-11-22,2022,Group stage,Normal Time,,,0.0,D,0,0,0,36502.0
France,Australia,4,1,2022-11-22,2022,Group stage,Normal Time,,,0.0,H,5,3,1,29703.0
Morocco,Croatia,0,0,2022-11-23,2022,Group stage,Normal Time,,,0.0,D,0,0,0,9511.0
Germany,Japan,1,2,2022-11-23,2022,Group stage,Normal Time,,,0.0,A,3,-1,1,7336.0
Spain,Costa Rica,7,0,2022-11-23,2022,Group stage,Normal Time,,,0.0,H,7,7,0,81649.0
Belgium,Canada,1,0,2022-11-23,2022,Group stage,Normal Time,,,0.0,H,1,1,0,12000.0
Switzerland,Cameroon,1,0,2022-11-24,2022,Group stage,Normal Time,,,0.0,H,1,1,0,45000.0
Uruguay,Korea Republic,0,0,2022-11-24,2022,Group stage,Normal Time,,,0.0,D,0,0,0,20000.0
Portugal,Ghana,3,2,2022-11-24,2022,Group stage,Normal Time,,,0.0,H,5,1,1,33000.0
Brazil,Serbia,2,0,2022-11-24,2022,Group stage,Normal Time,,,0.0,H,2,2,0,18141.0
Wales,Iran,0,2,2022-11-25,2022,Group stage,Normal Time,,,0.0,A,2,-2,0,7000.0
Qatar,Senegal,1,3,2022-11-25,2022,Group stage,Normal Time,,,0.0,A,4,-2,1,22021.0
Netherlands,Ecuador,1,1,2022-11-25,2022,Group stage,Normal Time,,,0.0,D,2,0,1,15000.0
England,United States,0,0,2022-11-25,2022,Group stage,Normal Time,,,0.0,D,0,0,0,58455.0
Tunisia,Australia,0,1,2022-11-26,2022,Group stage,Normal Time,,,0.0,A,1,-1,0,20025.0
Poland,Saudi Arabia,2,0,2022-11-26,2022,Group stage,Normal Time,,,0.0,H,2,2,0,8000.0
France,Denmark,2,1,2022-11-26,2022,Group stage,Normal Time,,,0.0,H,3,1,1,19000.0
Argentina,Mexico,2,0,2022-11-26,2022,Group stage,Normal Time,,,0.0,H,2,2,0,7000.0
Japan,Costa Rica,0,1,2022-11-27,2022,Group stage,Normal Time,,,0.0,A,1,-1,0,9000.0
Belgium,Morocco,0,2,2022-11-27,2022,Group stage,Normal Time,,,0.0,A,2,-2,0,30454.0
Croatia,Canada,4,1,2022-11-27,2022,Group stage,Normal Time,,,0.0,H,5,3,1,13452.0
Spain,Germany,1,1,2022-11-27,2022,Group stage,Normal Time,,,0.0,D,2,0,1,11000.0
Cameroon,Serbia,3,3,2022-11-28,2022,Group stage,Normal Time,,,0.0,D,6,0,1,27152.0
Korea Republic,Ghana,2,3,2022-11-28,2022,Group stage,Normal Time,,,0.0,A,5,-1,1,55000.0
Brazil,Switzerland,1,0,2022-11-28,2022,Group stage,Normal Time,,,0.0,H,1,1,0,7000.0
Portugal,Uruguay,2,0,2022-11-28,2022,Group stage,Normal Time,,,0.0,H,2,2,0,15000.0
Ecuador,Senegal,1,2,2022-11-29,2022,Group stage,Normal Time,,,0.0,A,3,-1,1,35000.0
Netherlands,Qatar,2,0,2022-11-29,2022,Group stage,Normal Time,,,0.0,H,2,2,0,43000.0
Iran,United States,0,1,2022-11-29,2022,Group stage,Normal Time,,,0.0,A,1,-1,0,23000.0
Wales,England,0,3,2022-11-29,2022,Group stage,Normal Time,,,0.0,A,3,-3,0,12000.0
Australia,Denmark,1,0,2022-11-30,2022,Group stage,Normal Time,,,0.0,H,1,1,0,35000.0
Tunisia,France,1,0,2022-11-30,2022,Group stage,Normal Time,,,0.0,H,1,1,0,3000.0
Saudi Arabia,Mexico,1,2,2022-11-30,2022,Group stage,Normal Time,,,0.0,A,3,-1,1,9000.0
Poland,Argentina,0,2,2022-11-30,2022,Group stage,Normal Time,,,0.0,A,2,-2,0,9000.0
Canada,Morocco,1,2,2022-12-01,2022,Group stage,Normal Time,,,0.0,A,3,-1,1,16000.0
Croatia,Belgium,0,0,2022-12-01,2022,Group stage,Normal Time,,,0.0,D,0,0,0,33000.0
Costa Rica,Germany,2,4,2022-12-01,2022,Group stage,Normal Time,,,0.0,A,6,-2,1,14000.0
Japan,Spain,2,1,2022-12-01,2022,Group stage,Normal Time,,,0.0,H,3,1,1,21000.0
Korea Republic,Portugal,2,1,2022-12-02,2022,Group stage,Normal Time,,,0.0,H,3,1,1,8000.0
Ghana,Uruguay,0,2,2022-12-02,2022,Group stage,Normal Time,,,0.0,A,2,-2,0,25000.0
Cameroon,Brazil,1,0,2022-12-02,2022,Group stage,Normal Time,,,0.0,H,1,1,0,68346.0
Serbia,Switzerland,2,3,2022-12-02,2022,Group stage,Normal Time,,,0.0,A,5,-1,1,79867.0
Netherlands,United States,3,1,2022-12-03,2022,Round of 16,Normal Time,,,2.0,H,4,2,1,72886.0
Argentina,Australia,2,1,2022-12-03,2022,Round of 16,Normal Time,,,2.0,H,3,1,1,41459.0
France,Poland,3,1,2022-12-04,2022,Round of 16,Normal Time,,,2.0,H,4,2,1,70022.0
England,Senegal,3,0,2022-12-04,2022,Round of 16,Normal Time,,,2.0,H,3,3,0,25466.0
Japan,Croatia,1,1,2022-12-05,2022,Round of 16,Normal Time,1.0,3.0,2.0,D,2,0,1,12000.0
Brazil,Korea Republic,4,1,2022-12-05,2022,Round of 16,Normal Time,,,2.0,H,5,3,1,2000.0
Morocco,Spain,0,0,2022-12-06,2022,Round of 16,Normal Time,3.0,0.0,2.0,D,0,0,0,42100.0
Portugal,Switzerland,6,1,2022-12-06,2022,Round of 16,Normal Time,,,2.0,H,7,5,1,57735.0
Croatia,Brazil,1,1,2022-12-09,2022,Quarter-finals,Normal Time,4.0,2.0,0.0,D,2,0,1,18306.0
Netherlands,Argentina,2,2,2022-12-09,2022,Quarter-finals,Normal Time,3.0,4.0,0.0,D,4,0,1,18306.0
Morocco,Portugal,1,0,2022-12-10,2022,Quarter-finals,Normal Time,,,0.0,H,1,1,0,9249.0
England,France,1,2,2022-12-10,2022,Quarter-finals,Normal Time,,,0.0,A,3,-1,1,23409.0
Argentina,Croatia,3,0,2022-12-13,2022,Semi-finals,Normal Time,,,0.0,H,3,3,0,24059.0
France,Morocco,2,0,2022-12-14,2022,Semi-finals,Normal Time,,,0.0,H,2,2,0,2549.0
Croatia,Morocco,2,1,2022-12-17,2022,Third-place match,Normal Time,,,0.0,H,3,1,1,18346.0
Argentina,France,3,3,2022-12-18,2022,Final,Normal Time,4.0,2.0,6.0,D,6,0,1,4444.0
1.0,2.0,2,0,2026-06-11,2026,1,Normal Time,,,0.0,H,2,2,0,
3.0,4.0,2,1,2026-06-11,2026,1,Normal Time,,,0.0,H,3,1,1,
5.0,6.0,1,1,2026-06-12,2026,1,Normal Time,,,0.0,D,2,0,1,
13.0,14.0,4,1,2026-06-12,2026,1,Normal Time,,,0.0,H,5,3,1,
7.0,8.0,1,1,2026-06-13,2026,1,Normal Time,,,0.0,D,2,0,1,
9.0,10.0,1,1,2026-06-13,2026,1,Normal Time,,,0.0,D,2,0,1,
11.0,12.0,0,1,2026-06-13,2026,1,Normal Time,,,0.0,A,1,-1,0,
15.0,16.0,2,0,2026-06-13,2026,1,Normal Time,,,0.0,H,2,2,0,
17.0,18.0,7,1,2026-06-14,2026,1,Normal Time,,,0.0,H,8,6,1,
21.0,22.0,2,2,2026-06-14,2026,1,Normal Time,,,0.0,D,4,0,1,
19.0,20.0,1,0,2026-06-14,2026,1,Normal Time,,,0.0,H,1,1,0,
23.0,24.0,5,1,2026-06-14,2026,1,Normal Time,,,0.0,H,6,4,1,
29.0,30.0,0,0,2026-06-15,2026,1,Normal Time,,,0.0,D,0,0,0,
25.0,26.0,1,1,2026-06-15,2026,1,Normal Time,,,0.0,D,2,0,1,
31.0,32.0,1,1,2026-06-15,2026,1,Normal Time,,,0.0,D,2,0,1,
27.0,28.0,2,2,2026-06-15,2026,1,Normal Time,,,0.0,D,4,0,1,
33.0,34.0,3,1,2026-06-16,2026,1,Normal Time,,,0.0,H,4,2,1,
35.0,36.0,1,4,2026-06-16,2026,1,Normal Time,,,0.0,A,5,-3,1,
37.0,38.0,3,0,2026-06-16,2026,1,Normal Time,,,0.0,H,3,3,0,
39.0,40.0,3,1,2026-06-16,2026,1,Normal Time,,,0.0,H,4,2,1,
41.0,42.0,1,1,2026-06-17,2026,1,Normal Time,,,0.0,D,2,0,1,
45.0,46.0,4,2,2026-06-17,2026,1,Normal Time,,,0.0,H,6,2,1,
47.0,48.0,1,0,2026-06-17,2026,1,Normal Time,,,0.0,H,1,1,0,
43.0,44.0,1,3,2026-06-17,2026,1,Normal Time,,,0.0,A,4,-2,1,
1.0,3.0,1,0,2026-06-18,2026,1,Normal Time,,,0.0,H,1,1,0,
4.0,2.0,1,1,2026-06-18,2026,1,Normal Time,,,0.0,D,2,0,1,
5.0,7.0,6,0,2026-06-18,2026,1,Normal Time,,,0.0,H,6,6,0,
8.0,6.0,4,1,2026-06-18,2026,1,Normal Time,,,0.0,H,5,3,1,
9.0,11.0,3,0,2026-06-19,2026,1,Normal Time,,,0.0,H,3,3,0,
12.0,10.0,0,1,2026-06-19,2026,1,Normal Time,,,0.0,A,1,-1,0,
13.0,15.0,2,0,2026-06-19,2026,1,Normal Time,,,0.0,H,2,2,0,
16.0,14.0,0,1,2026-06-19,2026,1,Normal Time,,,0.0,A,1,-1,0,
17.0,19.0,2,1,2026-06-20,2026,1,Normal Time,,,0.0,H,3,1,1,
20.0,18.0,0,0,2026-06-20,2026,1,Normal Time,,,0.0,D,0,0,0,
21.0,23.0,5,1,2026-06-20,2026,1,Normal Time,,,0.0,H,6,4,1,
24.0,22.0,0,4,2026-06-20,2026,1,Normal Time,,,0.0,A,4,-4,0,
25.0,27.0,0,0,2026-06-21,2026,1,Normal Time,,,0.0,D,0,0,0,
28.0,26.0,1,3,2026-06-21,2026,1,Normal Time,,,0.0,A,4,-2,1,
29.0,31.0,4,0,2026-06-21,2026,1,Normal Time,,,0.0,H,4,4,0,
32.0,30.0,2,2,2026-06-21,2026,1,Normal Time,,,0.0,D,4,0,1,
33.0,35.0,3,0,2026-06-22,2026,1,Normal Time,,,0.0,H,3,3,0,
36.0,34.0,3,2,2026-06-22,2026,1,Normal Time,,,0.0,H,5,1,1,
37.0,39.0,2,0,2026-06-22,2026,1,Normal Time,,,0.0,H,2,2,0,
40.0,38.0,1,2,2026-06-22,2026,1,Normal Time,,,0.0,A,3,-1,1,
41.0,43.0,5,0,2026-06-23,2026,1,Normal Time,,,0.0,H,5,5,0,
44.0,42.0,1,0,2026-06-23,2026,1,Normal Time,,,0.0,H,1,1,0,
45.0,47.0,0,0,2026-06-23,2026,1,Normal Time,,,0.0,D,0,0,0,
48.0,46.0,0,1,2026-06-23,2026,1,Normal Time,,,0.0,A,1,-1,0,
4.0,1.0,0,3,2026-06-24,2026,1,Normal Time,,,0.0,A,3,-3,0,
2.0,3.0,1,0,2026-06-24,2026,1,Normal Time,,,0.0,H,1,1,0,
8.0,5.0,2,1,2026-06-24,2026,1,Normal Time,,,0.0,H,3,1,1,
6.0,7.0,3,1,2026-06-24,2026,1,Normal Time,,,0.0,H,4,2,1,
12.0,9.0,0,3,2026-06-25,2026,1,Normal Time,,,0.0,A,3,-3,0,
10.0,11.0,4,2,2026-06-25,2026,1,Normal Time,,,0.0,H,6,2,1,
16.0,13.0,3,2,2026-06-25,2026,1,Normal Time,,,0.0,H,5,1,1,
14.0,15.0,0,0,2026-06-25,2026,1,Normal Time,,,0.0,D,0,0,0,
20.0,17.0,2,1,2026-06-26,2026,1,Normal Time,,,0.0,H,3,1,1,
18.0,19.0,0,2,2026-06-26,2026,1,Normal Time,,,0.0,A,2,-2,0,
24.0,21.0,1,3,2026-06-26,2026,1,Normal Time,,,0.0,A,4,-2,1,
22.0,23.0,1,1,2026-06-26,2026,1,Normal Time,,,0.0,D,2,0,1,
36.0,33.0,1,4,2026-06-26,2026,1,Normal Time,,,0.0,A,5,-3,1,
34.0,35.0,5,0,2026-06-26,2026,1,Normal Time,,,0.0,H,5,5,0,
28.0,25.0,1,5,2026-06-27,2026,1,Normal Time,,,0.0,A,6,-4,1,
26.0,27.0,1,1,2026-06-27,2026,1,Normal Time,,,0.0,D,2,0,1,
32.0,29.0,0,1,2026-06-27,2026,1,Normal Time,,,0.0,A,1,-1,0,
30.0,31.0,0,0,2026-06-27,2026,1,Normal Time,,,0.0,D,0,0,0,
40.0,37.0,1,3,2026-06-27,2026,1,Normal Time,,,0.0,A,4,-2,1,
38.0,39.0,3,3,2026-06-27,2026,1,Normal Time,,,0.0,D,6,0,1,
44.0,41.0,0,0,2026-06-28,2026,1,Normal Time,,,0.0,D,0,0,0,
42.0,43.0,3,1,2026-06-28,2026,1,Normal Time,,,0.0,H,4,2,1,
48.0,45.0,0,2,2026-06-28,2026,1,Normal Time,,,0.0,A,2,-2,0,
46.0,47.0,2,1,2026-06-28,2026,1,Normal Time,,,0.0,H,3,1,1,
2.0,5.0,0,1,2026-06-29,2026,2,Normal Time,,,0.0,A,1,-1,0,
9.0,22.0,2,1,2026-06-29,2026,2,Normal Time,,,0.0,H,3,1,1,
17.0,14.0,1,1,2026-06-30,2026,2,Normal Time,3.0,4.0,0.0,D,2,0,1,
21.0,10.0,1,1,2026-06-30,2026,2,Normal Time,2.0,3.0,0.0,D,2,0,1,
19.0,36.0,1,2,2026-06-30,2026,2,Normal Time,,,0.0,A,3,-1,1,
33.0,23.0,3,0,2026-07-01,2026,2,Normal Time,,,0.0,H,3,3,0,
1.0,20.0,2,0,2026-07-01,2026,2,Normal Time,,,0.0,H,2,2,0,
45.0,42.0,2,1,2026-07-01,2026,2,Normal Time,,,0.0,H,3,1,1,
25.0,34.0,3,2,2026-07-02,2026,2,Normal Time,,,0.0,H,5,1,1,
13.0,6.0,2,0,2026-07-02,2026,2,Normal Time,,,0.0,H,2,2,0,
29.0,39.0,3,0,2026-07-03,2026,2,Normal Time,,,0.0,H,3,3,0,
41.0,46.0,2,1,2026-07-03,2026,2,Normal Time,,,0.0,H,3,1,1,
8.0,38.0,2,0,2026-07-03,2026,2,Normal Time,,,0.0,H,2,2,0,
15.0,26.0,1,1,2026-07-04,2026,2,Normal Time,2.0,4.0,0.0,D,2,0,1,
37.0,30.0,3,2,2026-07-04,2026,2,Normal Time,,,0.0,H,5,1,1,
44.0,47.0,1,0,2026-07-04,2026,2,Normal Time,,,0.0,H,1,1,0,
14.0,33.0,0,1,2026-07-04,2026,3,Normal Time,,,0.0,A,1,-1,0,
5.0,10.0,0,3,2026-07-04,2026,3,Normal Time,,,0.0,A,3,-3,0,
9.0,36.0,1,2,2026-07-05,2026,3,Normal Time,,,0.0,A,3,-1,1,
1.0,45.0,2,3,2026-07-06,2026,3,Normal Time,,,0.0,A,5,-1,1,
41.0,29.0,0,1,2026-07-06,2026,3,Normal Time,,,0.0,A,1,-1,0,
13.0,25.0,1,4,2026-07-07,2026,3,Normal Time,,,0.0,A,5,-3,1,
37.0,26.0,3,2,2026-07-07,2026,3,Normal Time,,,0.0,H,5,1,1,
8.0,44.0,0,0,2026-07-07,2026,3,Normal Time,4.0,3.0,0.0,D,0,0,0,
33.0,10.0,2,0,2026-07-09,2026,4,Normal Time,,,0.0,H,2,2,0,
29.0,25.0,2,1,2026-07-10,2026,4,Normal Time,,,0.0,H,3,1,1,
